video,pair_idx,source_frame_prev,source_frame_curr,time_prev_sec,time_curr_sec,effective_fps,mean_dx,mean_dy,mean_motion,median_motion,max_motion,moving_patch_fraction,moving_patch_percent
01040.mp4,0,0,6,0.0,0.2,5.0,-0.018085133284330368,0.0008971446077339351,0.04665089398622513,0.016522806137800217,1.9179766178131104,0.0044444444444444444,0.4444444444444444
01040.mp4,1,6,12,0.2,0.4,5.0,-0.01546943373978138,0.002747173188254237,0.05890919268131256,0.02032177522778511,1.7369681596755981,0.002962962962962963,0.2962962962962963
01040.mp4,2,12,18,0.4,0.6,5.0,-0.01247011125087738,-0.0004129139124415815,0.07520157098770142,0.025865035131573677,1.671722650527954,0.005925925925925926,0.5925925925925926
01040.mp4,3,18,24,0.6,0.8,5.0,-0.022356797009706497,0.004410274792462587,0.060997817665338516,0.022422410547733307,1.368978500366211,0.002962962962962963,0.2962962962962963
01040.mp4,4,24,30,0.8,1.0,5.0,-0.015339769423007965,-0.005014511756598949,0.06916707009077072,0.019059443846344948,6.610641956329346,0.0034567901234567903,0.34567901234567905
01040.mp4,5,30,36,1.0,1.2,5.0,-0.03323172777891159,-0.00018894620006904006,0.07392830401659012,0.022863371297717094,1.3142871856689453,0.0014814814814814814,0.14814814814814814
01040.mp4,6,36,42,1.2,1.4,5.0,-0.046908993273973465,0.011168824508786201,0.09358229488134384,0.02324303798377514,1.2963060140609741,0.0044444444444444444,0.4444444444444444
01040.mp4,7,42,48,1.4,1.6,5.0,-0.06761981546878815,-0.01050568837672472,0.1353961080312729,0.021518489345908165,2.022383213043213,0.0454320987654321,4.54320987654321
01040.mp4,8,48,54,1.6,1.8,5.0,-0.09824095666408539,-0.017146987840533257,0.21745090186595917,0.02744866907596588,3.9362823963165283,0.0854320987654321,8.54320987654321
01040.mp4,9,54,60,1.8,2.0,5.0,-0.12649737298488617,-0.04297691956162453,0.2890600562095642,0.02867221087217331,4.103851795196533,0.09333333333333334,9.333333333333334
01040.mp4,10,60,66,2.0,2.2,5.0,-0.17624172568321228,-0.11095622181892395,0.34596478939056396,0.028031624853610992,6.684175491333008,0.1091358024691358,10.91358024691358
01040.mp4,11,66,72,2.2,2.4,5.0,-0.20778264105319977,-0.10405705124139786,0.38970503211021423,0.029946383088827133,7.070007801055908,0.11753086419753087,11.753086419753087
01040.mp4,12,72,78,2.4,2.6,5.0,-0.19761386513710022,0.6586677432060242,0.8637292385101318,0.1192610040307045,7.079403400421143,0.30271604938271607,30.271604938271608
01040.mp4,13,78,84,2.6,2.8,5.0,-0.24196361005306244,0.5195779204368591,0.7597153782844543,0.09248911589384079,8.816341400146484,0.27753086419753087,27.753086419753085
01040.mp4,14,84,90,2.8,3.0,5.0,-0.2691441476345062,0.028101211413741112,0.568726658821106,0.06701388210058212,7.646971225738525,0.16049382716049382,16.049382716049383
01040.mp4,15,90,96,3.0,3.2,5.0,-0.26316648721694946,-0.06237773224711418,0.6327627897262573,0.05427301302552223,11.418706893920898,0.1891358024691358,18.91358024691358
01040.mp4,16,96,102,3.2,3.4,5.0,-0.27411988377571106,0.09568554908037186,0.7073380947113037,0.04941120743751526,15.950532913208008,0.1945679012345679,19.45679012345679
01040.mp4,17,102,108,3.4,3.6,5.0,-0.31168657541275024,0.007433599792420864,0.824562132358551,0.044309936463832855,21.5445613861084,0.21975308641975308,21.975308641975307
01040.mp4,18,108,114,3.6,3.8,5.0,-0.2817298471927643,0.17148783802986145,0.8666245937347412,0.033855389803647995,18.119068145751953,0.19901234567901235,19.901234567901234
01040.mp4,19,114,120,3.8,4.0,5.0,-0.24091356992721558,0.13334909081459045,0.8852613568305969,0.034108538180589676,20.67099380493164,0.19753086419753085,19.753086419753085
01040.mp4,20,120,126,4.0,4.2,5.0,-0.19888268411159515,0.001204924425110221,0.9541259407997131,0.029640577733516693,17.815149307250977,0.23061728395061729,23.061728395061728
01040.mp4,21,126,132,4.2,4.4,5.0,-0.26639723777770996,0.07500016689300537,1.1819186210632324,0.02650073729455471,23.66498374938965,0.23901234567901233,23.901234567901234
01040.mp4,22,132,138,4.4,4.6,5.0,-0.2578231692314148,-0.14663182199001312,1.1232279539108276,0.02485354244709015,17.460952758789062,0.24987654320987654,24.987654320987655
01040.mp4,23,138,144,4.6,4.8,5.0,-0.39878320693969727,0.19663432240486145,1.1475402116775513,0.026820071041584015,24.917728424072266,0.2108641975308642,21.086419753086417
01040.mp4,24,144,150,4.8,5.0,5.0,-0.29032102227211,0.02937578409910202,0.983253538608551,0.03411557897925377,18.046287536621094,0.2325925925925926,23.25925925925926
01040.mp4,25,150,156,5.0,5.2,5.0,-0.19314603507518768,-0.32494479417800903,1.0967259407043457,0.03411102667450905,20.205886840820312,0.2903703703703704,29.037037037037038
01040.mp4,26,156,162,5.2,5.4,5.0,-0.023726828396320343,-0.4233381152153015,1.1530183553695679,0.04177965596318245,21.798561096191406,0.2874074074074074,28.74074074074074
01040.mp4,27,162,168,5.4,5.6,5.0,0.011362515389919281,0.00017969954933505505,1.0267075300216675,0.04317203909158707,22.90079689025879,0.22567901234567903,22.567901234567902
01040.mp4,28,168,174,5.6,5.8,5.0,0.3652394115924835,-0.1205403059720993,1.0516420602798462,0.04308679327368736,19.86200714111328,0.24938271604938272,24.938271604938272
01040.mp4,29,174,180,5.8,6.0,5.0,-0.005198205821216106,0.08835291117429733,1.1934324502944946,0.036670900881290436,19.21417808532715,0.25382716049382714,25.382716049382715
01040.mp4,30,180,186,6.0,6.2,5.0,0.3658078610897064,-0.5874005556106567,1.2423362731933594,0.031086664646863937,17.004104614257812,0.2849382716049383,28.49382716049383
01040.mp4,31,186,192,6.2,6.4,5.0,0.3554161787033081,-0.23498941957950592,1.1807904243469238,0.02773437462747097,19.28455924987793,0.26222222222222225,26.222222222222225
01040.mp4,32,192,198,6.4,6.6,5.0,0.2458343654870987,-0.38145357370376587,1.1807026863098145,0.02986058034002781,19.083253860473633,0.2414814814814815,24.14814814814815
01040.mp4,33,198,204,6.6,6.8,5.0,0.6579253673553467,-0.5141308307647705,1.4946584701538086,0.037220027297735214,30.260101318359375,0.24691358024691357,24.691358024691358
01040.mp4,34,204,210,6.8,7.0,5.0,0.3469385504722595,0.13921232521533966,1.5185879468917847,0.04036933556199074,20.785871505737305,0.28444444444444444,28.444444444444443
01040.mp4,35,210,216,7.0,7.2,5.0,0.44197386503219604,-0.7653575539588928,1.4343875646591187,0.03719443455338478,25.42529296875,0.27358024691358024,27.358024691358025
01040.mp4,36,216,222,7.2,7.4,5.0,0.24731719493865967,-0.9977042078971863,1.7513971328735352,0.03886954113841057,29.10980224609375,0.29185185185185186,29.185185185185187
01040.mp4,37,222,228,7.4,7.6,5.0,0.08293931931257248,-1.119576334953308,2.186763286590576,0.029397835955023766,97.29507446289062,0.2641975308641975,26.41975308641975
01040.mp4,38,228,234,7.6,7.8,5.0,-0.14847683906555176,-0.4909490644931793,1.7498232126235962,0.023484012112021446,49.161842346191406,0.26222222222222225,26.222222222222225
01040.mp4,39,234,240,7.8,8.0,5.0,-0.3076544404029846,-0.07309979945421219,1.4170928001403809,0.019281623885035515,29.82598876953125,0.23407407407407407,23.40740740740741
01040.mp4,40,240,246,8.0,8.2,5.0,0.3030632734298706,-0.16185444593429565,1.1542737483978271,0.01721648871898651,44.355533599853516,0.21185185185185185,21.185185185185183
01040.mp4,41,246,252,8.2,8.4,5.0,0.4056265652179718,-0.31861287355422974,1.428644061088562,0.023225970566272736,50.39788818359375,0.22518518518518518,22.51851851851852
01040.mp4,42,252,258,8.4,8.6,5.0,0.10465827584266663,-0.25549235939979553,1.266545057296753,0.02804931253194809,24.76927947998047,0.2908641975308642,29.086419753086417
01040.mp4,43,258,264,8.6,8.8,5.0,-0.576008677482605,0.2657945454120636,1.3368909358978271,0.02503378689289093,16.747854232788086,0.2854320987654321,28.54320987654321
01040.mp4,44,264,270,8.8,9.0,5.0,-0.5676259994506836,-0.08938257396221161,1.3960472345352173,0.01909220591187477,20.46383285522461,0.28246913580246913,28.24691358024691
01040.mp4,45,270,276,9.0,9.2,5.0,-0.6227962970733643,-0.7176268100738525,1.590275526046753,0.020448438823223114,24.33017921447754,0.29185185185185186,29.185185185185187
01040.mp4,46,276,282,9.2,9.4,5.0,-0.29451945424079895,-0.42381802201271057,1.2828902006149292,0.028241895139217377,23.728830337524414,0.2785185185185185,27.85185185185185
01040.mp4,47,282,288,9.4,9.6,5.0,0.10384411364793777,-0.28491321206092834,1.0212185382843018,0.027473729103803635,15.707047462463379,0.26567901234567903,26.567901234567902
01040.mp4,48,288,294,9.6,9.8,5.0,0.4897901713848114,0.08089432120323181,1.1735607385635376,0.02651282027363777,22.949939727783203,0.26024691358024693,26.024691358024693
01040.mp4,49,294,300,9.8,10.0,5.0,0.9507167935371399,-0.015046446584165096,1.4774127006530762,0.028253069147467613,19.057889938354492,0.2849382716049383,28.49382716049383
01040.mp4,50,300,306,10.0,10.2,5.0,2.127979278564453,-1.339447021484375,2.642618179321289,0.03328414633870125,25.853717803955078,0.31753086419753085,31.753086419753085
01040.mp4,51,306,312,10.2,10.4,5.0,2.253007173538208,-1.336867094039917,2.7948944568634033,0.0272475928068161,26.85620880126953,0.31753086419753085,31.753086419753085
01040.mp4,52,312,318,10.4,10.6,5.0,1.7152668237686157,-0.019011758267879486,1.921568512916565,0.023850901052355766,25.46722984313965,0.29728395061728397,29.728395061728396
01040.mp4,53,318,324,10.6,10.8,5.0,1.1406512260437012,0.5194312334060669,1.7769920825958252,0.021847985684871674,28.4323787689209,0.3012345679012346,30.12345679012346
01040.mp4,54,324,330,10.8,11.0,5.0,1.1035206317901611,-0.30083292722702026,1.6478254795074463,0.01838298700749874,23.569808959960938,0.28,28.000000000000004
01040.mp4,55,330,336,11.0,11.2,5.0,1.4074538946151733,-0.28244370222091675,2.001128911972046,0.019973980262875557,35.04969024658203,0.29975308641975307,29.975308641975307
01040.mp4,56,336,342,11.2,11.4,5.0,1.7448594570159912,-0.12015154957771301,2.607151508331299,0.022144736722111702,34.37858581542969,0.3274074074074074,32.74074074074074
01040.mp4,57,342,348,11.4,11.6,5.0,2.107217788696289,-0.9709594249725342,3.1913087368011475,0.03045758232474327,38.89080047607422,0.36,36.0
01040.mp4,58,348,354,11.6,11.8,5.0,2.505096912384033,-0.48496314883232117,3.7314014434814453,0.046382591128349304,34.76496505737305,0.4049382716049383,40.49382716049383
01040.mp4,59,354,360,11.8,12.0,5.0,3.1762475967407227,1.3435441255569458,4.946081638336182,0.10947159677743912,42.75787353515625,0.4217283950617284,42.172839506172835
01040.mp4,60,360,366,12.0,12.2,5.0,3.9810025691986084,-0.41189083456993103,5.311706066131592,0.13744471967220306,46.525665283203125,0.43851851851851853,43.851851851851855
01040.mp4,61,366,372,12.2,12.4,5.0,3.335862636566162,-1.493646502494812,4.851850986480713,0.14557284116744995,34.368934631347656,0.4345679012345679,43.45679012345679
01040.mp4,62,372,378,12.4,12.6,5.0,2.1683549880981445,-0.5775226950645447,3.6420814990997314,0.0676426813006401,43.162086486816406,0.3797530864197531,37.97530864197531
01040.mp4,63,378,384,12.6,12.8,5.0,0.9289208054542542,-1.2914737462997437,3.3590986728668213,0.03417579084634781,33.96759796142578,0.34617283950617284,34.617283950617285
01040.mp4,64,384,390,12.8,13.0,5.0,1.0479705333709717,-0.6372635364532471,2.8237698078155518,0.020550811663269997,34.41789245605469,0.3145679012345679,31.45679012345679
01040.mp4,65,390,396,13.0,13.2,5.0,1.0723283290863037,-0.14927393198013306,2.9882700443267822,0.019167955964803696,85.67098236083984,0.31407407407407406,31.407407407407405
01040.mp4,66,396,402,13.2,13.4,5.0,0.20300675928592682,-0.3438883423805237,3.159550905227661,0.02326732873916626,53.06451416015625,0.3298765432098765,32.98765432098765
01040.mp4,67,402,408,13.4,13.6,5.0,0.4598175287246704,-0.48747220635414124,2.5360002517700195,0.01637527532875538,47.34797286987305,0.31753086419753085,31.753086419753085
01040.mp4,68,408,414,13.6,13.8,5.0,0.40568509697914124,-0.20166081190109253,2.257108688354492,0.013794240541756153,25.79022789001465,0.3012345679012346,30.12345679012346
01040.mp4,69,414,420,13.8,14.0,5.0,0.42868947982788086,1.2254999876022339,2.8008670806884766,0.018270567059516907,44.16982650756836,0.32296296296296295,32.2962962962963
01040.mp4,70,420,426,14.0,14.2,5.0,0.4670933783054352,1.0219223499298096,3.349628448486328,0.012286992743611336,42.14369201660156,0.32938271604938274,32.93827160493827
01040.mp4,71,426,432,14.2,14.4,5.0,0.675912082195282,0.4916704297065735,3.9764065742492676,0.007602035533636808,49.63322067260742,0.334320987654321,33.4320987654321
01040.mp4,72,432,438,14.4,14.6,5.0,1.0549086332321167,0.15796956419944763,3.304530382156372,0.006517879664897919,38.839080810546875,0.3219753086419753,32.19753086419753
01040.mp4,73,438,444,14.6,14.8,5.0,1.1642435789108276,-1.1956192255020142,3.895524024963379,0.0079741720110178,39.106468200683594,0.33530864197530863,33.53086419753086
01040.mp4,74,444,450,14.8,15.0,5.0,1.6953022480010986,0.8607234954833984,3.8700520992279053,0.006393852178007364,36.65439224243164,0.3190123456790123,31.90123456790123
01040.mp4,75,450,456,15.0,15.2,5.0,0.027016419917345047,1.0331283807754517,2.8206844329833984,0.006091168615967035,40.82571792602539,0.3002469135802469,30.02469135802469
01040.mp4,76,456,462,15.2,15.4,5.0,0.18540190160274506,-0.34319546818733215,2.400721788406372,0.005707475356757641,42.70039367675781,0.2903703703703704,29.037037037037038
01040.mp4,77,462,468,15.4,15.6,5.0,-0.08221841603517532,-0.48004797101020813,1.9167401790618896,0.005176382139325142,31.8718318939209,0.25876543209876546,25.876543209876544
01040.mp4,78,468,474,15.6,15.8,5.0,0.12293991446495056,0.12274187803268433,2.7063722610473633,0.0054865567944943905,33.75798797607422,0.2859259259259259,28.59259259259259
01040.mp4,79,474,480,15.8,16.0,5.0,-0.10319864749908447,0.03862196207046509,2.6278653144836426,0.006929808296263218,40.74456787109375,0.2874074074074074,28.74074074074074
01040.mp4,80,480,486,16.0,16.2,5.0,0.3244243562221527,0.19627134501934052,2.6950602531433105,0.01031225360929966,32.70367431640625,0.31209876543209875,31.209876543209873
01040.mp4,81,486,492,16.2,16.4,5.0,0.3532869517803192,-0.7087288498878479,3.2922651767730713,0.011207181960344315,56.37759017944336,0.3471604938271605,34.71604938271605
01040.mp4,82,492,498,16.4,16.6,5.0,0.44235163927078247,-0.2484894096851349,3.9141058921813965,0.013728495687246323,87.24047088623047,0.37876543209876545,37.876543209876544
01040.mp4,83,498,504,16.6,16.8,5.0,1.8093231916427612,0.2999342978000641,4.514772891998291,0.02803226187825203,55.85844421386719,0.37925925925925924,37.925925925925924
01040.mp4,84,504,510,16.8,17.0,5.0,1.6542688608169556,-0.161094531416893,4.342548370361328,0.0515812449157238,74.33882141113281,0.38666666666666666,38.666666666666664
01040.mp4,85,510,516,17.0,17.2,5.0,0.8888413906097412,-0.7244514226913452,4.686954021453857,0.07868542522192001,58.099422454833984,0.40987654320987654,40.98765432098765
01040.mp4,86,516,522,17.2,17.4,5.0,1.9888570308685303,-1.3282064199447632,4.364797592163086,0.10313432663679123,102.97216033935547,0.41432098765432096,41.432098765432094
01040.mp4,87,522,528,17.4,17.6,5.0,1.347666621208191,-0.10396333783864975,3.663330554962158,0.12240400165319443,41.61886215209961,0.4049382716049383,40.49382716049383
01040.mp4,88,528,534,17.6,17.8,5.0,1.7268742322921753,0.4770461916923523,3.588432788848877,0.08709670603275299,37.474761962890625,0.37679012345679014,37.67901234567901
01040.mp4,89,534,540,17.8,18.0,5.0,1.445274829864502,-0.2886013388633728,3.592233657836914,0.029551735147833824,56.0257453918457,0.3274074074074074,32.74074074074074
01040.mp4,90,540,546,18.0,18.2,5.0,1.626240611076355,1.4991751909255981,3.329329490661621,0.014904671348631382,46.40182113647461,0.3165432098765432,31.654320987654323
01040.mp4,91,546,552,18.2,18.4,5.0,1.3741611242294312,1.4957040548324585,3.1613054275512695,0.00975863914936781,47.153079986572266,0.3160493827160494,31.604938271604937
01040.mp4,92,552,558,18.4,18.6,5.0,1.179067850112915,-1.6251014471054077,2.8855531215667725,0.00942117627710104,65.20831298828125,0.3017283950617284,30.17283950617284
01040.mp4,93,558,564,18.6,18.8,5.0,1.28584885597229,-0.027710052207112312,2.6301496028900146,0.008736523799598217,35.03697204589844,0.30074074074074075,30.074074074074076
01040.mp4,94,564,570,18.8,19.0,5.0,0.9968628287315369,-0.9141929149627686,2.646969795227051,0.009649768471717834,28.403499603271484,0.30320987654320986,30.320987654320987
01040.mp4,95,570,576,19.0,19.2,5.0,0.5950955748558044,-1.3060952425003052,3.161702871322632,0.011625953949987888,29.822643280029297,0.3254320987654321,32.54320987654321
01040.mp4,96,576,582,19.2,19.4,5.0,0.5682042837142944,-0.18407726287841797,3.440784454345703,0.01202919241040945,36.23191452026367,0.34074074074074073,34.074074074074076
01040.mp4,97,582,588,19.4,19.6,5.0,1.0107805728912354,1.496198058128357,4.182425498962402,0.01074314210563898,48.36192321777344,0.3432098765432099,34.32098765432099
01040.mp4,98,588,594,19.6,19.8,5.0,1.4081623554229736,-0.3735105097293854,4.07151985168457,0.011440075002610683,63.83071517944336,0.34469135802469136,34.46913580246914
01040.mp4,99,594,600,19.8,20.0,5.0,2.393446207046509,-0.081757090985775,4.531518936157227,0.012753247283399105,59.21427536010742,0.35604938271604936,35.60493827160494
01040.mp4,100,600,606,20.0,20.2,5.0,2.5346224308013916,-0.8412426710128784,4.266801834106445,0.018428253009915352,44.236934661865234,0.35703703703703704,35.7037037037037
01040.mp4,101,606,612,20.2,20.4,5.0,2.793332815170288,-0.7226803302764893,4.484192848205566,0.0202065110206604,41.21807861328125,0.37530864197530867,37.53086419753087
01040.mp4,102,612,618,20.4,20.6,5.0,2.8073854446411133,-0.13387800753116608,4.646277904510498,0.02134881541132927,36.073158264160156,0.3674074074074074,36.74074074074074
01040.mp4,103,618,624,20.6,20.8,5.0,3.370499610900879,-0.283695250749588,4.854227066040039,0.02445078454911709,37.5636100769043,0.38320987654320987,38.32098765432099
01040.mp4,104,624,630,20.8,21.0,5.0,3.949594497680664,-1.0821471214294434,5.040215969085693,0.028406426310539246,48.8076171875,0.37925925925925924,37.925925925925924
01040.mp4,105,630,636,21.0,21.2,5.0,3.5582005977630615,-0.7249702215194702,4.318370342254639,0.031366124749183655,46.851375579833984,0.37037037037037035,37.03703703703704
01040.mp4,106,636,642,21.2,21.4,5.0,2.7821993827819824,-0.4021039307117462,3.91469144821167,0.03286437317728996,33.954139709472656,0.3797530864197531,37.97530864197531
01040.mp4,107,642,648,21.4,21.6,5.0,2.0410268306732178,-0.1909685730934143,3.4104301929473877,0.028831344097852707,38.27776336669922,0.35012345679012347,35.01234567901235
01040.mp4,108,648,654,21.6,21.8,5.0,0.9157013297080994,-0.03758493810892105,2.7531838417053223,0.016753623262047768,35.04827117919922,0.3180246913580247,31.80246913580247
01040.mp4,109,654,660,21.8,22.0,5.0,-0.20367006957530975,0.6781136393547058,2.6784322261810303,0.014170810580253601,52.98778533935547,0.30074074074074075,30.074074074074076
01040.mp4,110,660,666,22.0,22.2,5.0,0.029914701357483864,0.4751076102256775,2.036121129989624,0.014163420535624027,38.861724853515625,0.29185185185185186,29.185185185185187
01040.mp4,111,666,672,22.2,22.4,5.0,-1.5447380542755127,-0.4614602029323578,2.3693504333496094,0.01228238269686699,43.9384765625,0.2849382716049383,28.49382716049383
01040.mp4,112,672,678,22.4,22.6,5.0,-1.8939272165298462,-0.5460166931152344,2.5573291778564453,0.011977621354162693,34.25682067871094,0.27901234567901234,27.901234567901234
01040.mp4,113,678,684,22.6,22.8,5.0,-2.4010732173919678,0.3455342650413513,3.166257619857788,0.012041864916682243,36.43761444091797,0.29333333333333333,29.333333333333332
01040.mp4,114,684,690,22.8,23.0,5.0,-2.1079185009002686,0.7283620834350586,3.1437816619873047,0.012408980168402195,45.126827239990234,0.30320987654320986,30.320987654320987
01040.mp4,115,690,696,23.0,23.2,5.0,-0.757716178894043,-0.13885754346847534,2.5279741287231445,0.01644018106162548,29.15262222290039,0.3012345679012346,30.12345679012346
01040.mp4,116,696,702,23.2,23.4,5.0,0.11033513396978378,-0.3961399793624878,2.361501932144165,0.019352005794644356,26.05967140197754,0.30962962962962964,30.962962962962965
01040.mp4,117,702,708,23.4,23.6,5.0,0.5252711176872253,-0.061090223491191864,2.2707574367523193,0.017682606354355812,34.04023742675781,0.29333333333333333,29.333333333333332
01040.mp4,118,708,714,23.6,23.8,5.0,1.5828074216842651,0.10614517331123352,2.510232925415039,0.017253516241908073,34.0890998840332,0.28987654320987655,28.987654320987655
01040.mp4,119,714,720,23.8,24.0,5.0,1.5290151834487915,0.5141234397888184,2.6782007217407227,0.016816889867186546,30.801172256469727,0.2903703703703704,29.037037037037038
01040.mp4,120,720,726,24.0,24.2,5.0,1.7622520923614502,0.42287778854370117,2.7830522060394287,0.013324973173439503,29.793071746826172,0.2903703703703704,29.037037037037038
01040.mp4,121,726,732,24.2,24.4,5.0,1.4539600610733032,0.1468394696712494,2.9280197620391846,0.009315098635852337,24.616037368774414,0.2883950617283951,28.839506172839506
01040.mp4,122,732,738,24.4,24.6,5.0,1.3244420289993286,0.11432941257953644,3.021751642227173,0.008581122383475304,23.74045181274414,0.29432098765432096,29.432098765432098
01040.mp4,123,738,744,24.6,24.8,5.0,0.487215131521225,0.9635283350944519,3.02892804145813,0.00849330797791481,28.776803970336914,0.29876543209876544,29.876543209876544
01040.mp4,124,744,750,24.8,25.0,5.0,0.05155356228351593,1.0656675100326538,2.800694704055786,0.011802809312939644,40.72434997558594,0.30419753086419754,30.419753086419753
01040.mp4,125,750,756,25.0,25.2,5.0,-0.8332744836807251,0.9202208518981934,2.663609504699707,0.009690982289612293,38.27412033081055,0.2938271604938272,29.38271604938272
01040.mp4,126,756,762,25.2,25.4,5.0,-0.9207773208618164,0.9942944645881653,2.403434991836548,0.009582307189702988,51.616859436035156,0.2750617283950617,27.50617283950617
01040.mp4,127,762,768,25.4,25.6,5.0,-0.8133958578109741,0.7084378004074097,1.8581784963607788,0.008942509070038795,58.20845413208008,0.24,24.0
01040.mp4,128,768,774,25.6,25.8,5.0,-0.39758068323135376,0.5420446395874023,1.3620212078094482,0.010291379876434803,27.57163429260254,0.22469135802469137,22.469135802469136
01040.mp4,129,774,780,25.8,26.0,5.0,-0.5273500680923462,0.535607635974884,1.1519287824630737,0.01089125033468008,20.786523818969727,0.21135802469135803,21.135802469135804
01040.mp4,130,780,786,26.0,26.2,5.0,-0.4938698410987854,0.47651436924934387,1.1128708124160767,0.012263935059309006,19.075410842895508,0.21777777777777776,21.777777777777775
01040.mp4,131,786,792,26.2,26.4,5.0,-0.435217022895813,0.21204861998558044,0.9657303094863892,0.015071270056068897,17.220388412475586,0.24049382716049383,24.049382716049383
01040.mp4,132,792,798,26.4,26.6,5.0,-0.38735055923461914,0.25496581196784973,0.8340852856636047,0.016115793958306313,13.247453689575195,0.1980246913580247,19.80246913580247
01040.mp4,133,798,804,26.6,26.8,5.0,-0.4352290630340576,0.2848225235939026,0.8384672403335571,0.015103310346603394,17.79302978515625,0.18765432098765433,18.765432098765434
01040.mp4,134,804,810,26.8,27.0,5.0,-0.3342866599559784,0.27758046984672546,0.6735880970954895,0.017265697941184044,18.365449905395508,0.1654320987654321,16.543209876543212
01040.mp4,135,810,816,27.0,27.2,5.0,-0.20108385384082794,0.27519044280052185,0.5167351365089417,0.016060171648859978,6.4738898277282715,0.16839506172839505,16.839506172839506
01040.mp4,136,816,822,27.2,27.4,5.0,-0.28526562452316284,0.3567888140678406,0.6276182532310486,0.016956975683569908,19.179967880249023,0.17530864197530865,17.530864197530864
01040.mp4,137,822,828,27.4,27.6,5.0,-0.2922782599925995,0.2363724410533905,0.5278135538101196,0.019202766939997673,18.691415786743164,0.13135802469135802,13.135802469135802
01040.mp4,138,828,834,27.6,27.8,5.0,-0.22714190185070038,0.15799273550510406,0.388284295797348,0.01625675894320011,19.40887451171875,0.09283950617283951,9.283950617283951
01040.mp4,139,834,840,27.8,28.0,5.0,-0.11004310846328735,0.06652520596981049,0.2283288985490799,0.01250565703958273,8.502583503723145,0.04148148148148148,4.148148148148148
01040.mp4,140,840,846,28.0,28.2,5.0,-0.1699785590171814,0.002502716612070799,0.23224537074565887,0.012811684980988503,15.774323463439941,0.030123456790123456,3.0123456790123457
01040.mp4,141,846,852,28.2,28.4,5.0,-0.14804522693157196,0.16392017900943756,0.36507758498191833,0.011793983168900013,16.519922256469727,0.03901234567901234,3.901234567901234
01040.mp4,142,852,858,28.4,28.6,5.0,-0.07181113213300705,0.05241188034415245,0.20447778701782227,0.011108365841209888,16.333532333374023,0.030123456790123456,3.0123456790123457
01040.mp4,143,858,864,28.6,28.8,5.0,-0.20140749216079712,0.047568149864673615,0.2608030140399933,0.010196850635111332,17.028541564941406,0.030617283950617285,3.0617283950617287
01040.mp4,144,864,870,28.8,29.0,5.0,-0.30282676219940186,0.06572557985782623,0.3479738235473633,0.009302644990384579,18.17109489440918,0.03950617283950617,3.950617283950617
01040.mp4,145,870,876,29.0,29.2,5.0,-0.26417604088783264,0.04626234620809555,0.31568455696105957,0.011324821971356869,18.32643699645996,0.035555555555555556,3.5555555555555554
01040.mp4,146,876,882,29.2,29.4,5.0,-0.24451832473278046,0.04345642402768135,0.29995349049568176,0.009616461582481861,18.812320709228516,0.03802469135802469,3.802469135802469
01040.mp4,147,882,888,29.4,29.6,5.0,-0.2277042120695114,0.03881492465734482,0.28026458621025085,0.008870203047990799,19.38277244567871,0.030617283950617285,3.0617283950617287
01040.mp4,148,888,894,29.6,29.8,5.0,-0.0516941212117672,0.04211895167827606,0.14336106181144714,0.008799923583865166,18.127166748046875,0.027160493827160494,2.7160493827160495
01040.mp4,149,894,900,29.8,30.0,5.0,-0.007327945437282324,-0.017817048355937004,0.10437177121639252,0.008843953721225262,6.651348114013672,0.02666666666666667,2.666666666666667
01040.mp4,150,900,906,30.0,30.2,5.0,-0.09249584376811981,0.01671450585126877,0.13494469225406647,0.01088581420481205,15.68382453918457,0.018765432098765432,1.876543209876543
01040.mp4,151,906,912,30.2,30.4,5.0,-0.07751327753067017,0.023453526198863983,0.12370842695236206,0.009618121199309826,15.863633155822754,0.01925925925925926,1.925925925925926
01040.mp4,152,912,918,30.4,30.6,5.0,-0.07309535890817642,0.016157442703843117,0.11406765878200531,0.008748707361519337,16.022113800048828,0.016296296296296295,1.6296296296296295
01040.mp4,153,918,924,30.6,30.8,5.0,-0.019450685009360313,0.01162007637321949,0.08892752975225449,0.00924327876418829,7.486659049987793,0.019753086419753086,1.9753086419753085
01040.mp4,154,924,930,30.8,31.0,5.0,-0.016849037259817123,0.0005707716918550432,0.07812955975532532,0.00979384034872055,6.584503650665283,0.018271604938271607,1.8271604938271606
01040.mp4,155,930,936,31.0,31.2,5.0,-0.03665352612733841,0.01480086799710989,0.08308164775371552,0.010912388563156128,6.798649311065674,0.01580246913580247,1.580246913580247
01040.mp4,156,936,942,31.2,31.4,5.0,-0.019005415961146355,0.005303042940795422,0.06949716061353683,0.008782216347754002,3.6990535259246826,0.014320987654320988,1.432098765432099
01040.mp4,157,942,948,31.4,31.6,5.0,-0.019629469141364098,0.014615503139793873,0.07842081785202026,0.008794565685093403,7.814891338348389,0.01580246913580247,1.580246913580247
01040.mp4,158,948,954,31.6,31.8,5.0,-0.039611537009477615,0.005513210315257311,0.07128151506185532,0.008911289274692535,4.147796630859375,0.01580246913580247,1.580246913580247
01040.mp4,159,954,960,31.8,32.0,5.0,-0.07775188237428665,0.01721721515059471,0.11010221391916275,0.008420809172093868,14.518159866333008,0.013333333333333334,1.3333333333333335
01040.mp4,160,960,966,32.0,32.2,5.0,-0.018635785207152367,0.014125892892479897,0.08942192047834396,0.01036167610436678,6.477601528167725,0.018271604938271607,1.8271604938271606
01040.mp4,161,966,972,32.2,32.4,5.0,-0.10386435687541962,0.027450257912278175,0.14526276290416718,0.00902254693210125,15.370256423950195,0.022222222222222223,2.2222222222222223
01040.mp4,162,972,978,32.4,32.6,5.0,-0.14080235362052917,0.02519816718995571,0.17997297644615173,0.009452973492443562,15.708531379699707,0.027654320987654323,2.7654320987654324
01040.mp4,163,978,984,32.6,32.8,5.0,-0.03999882936477661,0.012753162533044815,0.10306143015623093,0.010014042258262634,5.4755377769470215,0.024691358024691357,2.4691358024691357
01040.mp4,164,984,990,32.8,33.0,5.0,-0.0679173618555069,0.007244951091706753,0.11582809686660767,0.009096688590943813,12.27857780456543,0.023209876543209877,2.3209876543209877
01040.mp4,165,990,996,33.0,33.2,5.0,-0.08551476895809174,0.021135525777935982,0.13023154437541962,0.011001593433320522,16.218467712402344,0.02271604938271605,2.271604938271605
01040.mp4,166,996,1002,33.2,33.4,5.0,-0.04293755069375038,0.010065482929348946,0.09191698580980301,0.012575525790452957,9.108809471130371,0.016296296296296295,1.6296296296296295
01040.mp4,167,1002,1008,33.4,33.6,5.0,-0.03490637615323067,-0.0018315281486138701,0.09643831849098206,0.009014260023832321,8.876262664794922,0.018271604938271607,1.8271604938271606
01040.mp4,168,1008,1014,33.6,33.8,5.0,-0.009911189787089825,0.01184042077511549,0.11065981537103653,0.009048008359968662,9.110177993774414,0.02123456790123457,2.123456790123457
01040.mp4,169,1014,1020,33.8,34.0,5.0,-0.027829287573695183,0.016592247411608696,0.09559711068868637,0.009071593172848225,5.003673076629639,0.023703703703703703,2.3703703703703702
01040.mp4,170,1020,1026,34.0,34.2,5.0,-0.036289531737565994,0.010060034692287445,0.10484687983989716,0.01090640015900135,5.675113201141357,0.02271604938271605,2.271604938271605
01040.mp4,171,1026,1032,34.2,34.4,5.0,-0.120915986597538,0.0242808535695076,0.1690959334373474,0.00909356214106083,22.613374710083008,0.016296296296296295,1.6296296296296295
01040.mp4,172,1032,1038,34.4,34.6,5.0,-0.13495364785194397,0.03271907567977905,0.18270517885684967,0.00888998992741108,23.517292022705078,0.03111111111111111,3.111111111111111
01040.mp4,173,1038,1044,34.6,34.8,5.0,-0.035418927669525146,0.0037353700026869774,0.08142384886741638,0.00864643044769764,5.925185680389404,0.016790123456790124,1.6790123456790123
01040.mp4,174,1044,1050,34.8,35.0,5.0,-0.026596585288643837,-0.002722647972404957,0.0963696762919426,0.009763050824403763,6.345878601074219,0.025185185185185185,2.5185185185185186
01040.mp4,175,1050,1056,35.0,35.2,5.0,-0.0669485330581665,0.01737561635673046,0.12028362601995468,0.011259987019002438,12.536017417907715,0.02617283950617284,2.617283950617284
01040.mp4,176,1056,1062,35.2,35.4,5.0,-0.029834754765033722,0.023354027420282364,0.10633575916290283,0.008755406364798546,6.060649394989014,0.02567901234567901,2.567901234567901
01040.mp4,177,1062,1068,35.4,35.6,5.0,-0.02658112160861492,-0.0031556275207549334,0.10195580869913101,0.00798503402620554,4.878726005554199,0.02567901234567901,2.567901234567901
01040.mp4,178,1068,1074,35.6,35.8,5.0,-0.027456160634756088,-0.006863103248178959,0.08998490124940872,0.008316812105476856,5.737544059753418,0.02074074074074074,2.074074074074074
01040.mp4,179,1074,1080,35.8,36.0,5.0,-0.12502337992191315,0.031460169702768326,0.1673417091369629,0.007753181736916304,17.985265731811523,0.025185185185185185,2.5185185185185186
01040.mp4,180,1080,1086,36.0,36.2,5.0,0.010643241927027702,-0.0040499018505215645,0.09660359472036362,0.010154616087675095,6.455969333648682,0.016296296296296295,1.6296296296296295
01040.mp4,181,1086,1092,36.2,36.4,5.0,-0.047501612454652786,0.002206261735409498,0.09293414652347565,0.007941551506519318,6.702823162078857,0.021728395061728394,2.1728395061728394
01040.mp4,182,1092,1098,36.4,36.6,5.0,-0.03916912153363228,0.016727982088923454,0.11353925615549088,0.006891390308737755,7.73176908493042,0.028641975308641977,2.864197530864198
01040.mp4,183,1098,1104,36.6,36.8,5.0,-0.0036749131977558136,-0.00026889046421274543,0.1163608580827713,0.00865794438868761,6.909310817718506,0.028148148148148148,2.814814814814815
01040.mp4,184,1104,1110,36.8,37.0,5.0,-0.02790529653429985,0.013581397943198681,0.13827629387378693,0.008455488830804825,8.231047630310059,0.03209876543209877,3.2098765432098766
01040.mp4,185,1110,1116,37.0,37.2,5.0,-0.02875368297100067,0.006234855391085148,0.0993010476231575,0.008871514350175858,6.191936492919922,0.02567901234567901,2.567901234567901
01040.mp4,186,1116,1122,37.2,37.4,5.0,-0.049483295530080795,0.0027835788205266,0.10668440163135529,0.011355920694768429,6.400890827178955,0.023703703703703703,2.3703703703703702
01040.mp4,187,1122,1128,37.4,37.6,5.0,0.003978723660111427,-0.00540911452844739,0.1051175519824028,0.008229710161685944,5.9822821617126465,0.02419753086419753,2.419753086419753
01040.mp4,188,1128,1134,37.6,37.8,5.0,-0.022357601672410965,-0.003177523845806718,0.09003389626741409,0.008290003053843975,4.502862930297852,0.019753086419753086,1.9753086419753085
01040.mp4,189,1134,1140,37.8,38.0,5.0,-0.04596056044101715,0.01268604677170515,0.09534989297389984,0.008198925293982029,7.750766754150391,0.02123456790123457,2.123456790123457
01040.mp4,190,1140,1146,38.0,38.2,5.0,-0.039919164031744,-0.0013916031457483768,0.09217730164527893,0.008677415549755096,4.322691440582275,0.021728395061728394,2.1728395061728394
01040.mp4,191,1146,1152,38.2,38.4,5.0,-0.017656927928328514,0.009930519387125969,0.10397936403751373,0.010159796103835106,4.786504745483398,0.02666666666666667,2.666666666666667
01040.mp4,192,1152,1158,38.4,38.6,5.0,-0.02350904606282711,0.004503661300987005,0.07770954072475433,0.007455502636730671,5.394289493560791,0.017777777777777778,1.7777777777777777
01040.mp4,193,1158,1164,38.6,38.8,5.0,-0.10881103575229645,0.028279537335038185,0.1477096825838089,0.008546635508537292,20.57032585144043,0.023209876543209877,2.3209876543209877
01040.mp4,194,1164,1170,38.8,39.0,5.0,-0.01844758912920952,-0.00411167461425066,0.09255357831716537,0.008012191392481327,5.4770355224609375,0.023209876543209877,2.3209876543209877
01040.mp4,195,1170,1176,39.0,39.2,5.0,-0.008535892702639103,0.001297465176321566,0.09194439649581909,0.007722411770373583,7.384665489196777,0.020246913580246915,2.0246913580246915
01041.mp4,0,0,6,0.0,0.2,5.0,-0.4146491587162018,-4.745177745819092,10.298102378845215,6.056821346282959,52.17725372314453,0.6592592592592592,65.92592592592592
01041.mp4,1,6,12,0.2,0.4,5.0,-1.0391058921813965,-3.461613655090332,9.047598838806152,4.920295715332031,44.65690231323242,0.662716049382716,66.2716049382716
01041.mp4,2,12,18,0.4,0.6,5.0,-0.8301374316215515,1.5605746507644653,5.964755535125732,3.2967398166656494,33.29757308959961,0.6311111111111111,63.11111111111111
01041.mp4,3,18,24,0.6,0.8,5.0,-2.282397508621216,-1.1246289014816284,6.346878528594971,2.9353137016296387,38.4630012512207,0.6069135802469136,60.691358024691354
01041.mp4,4,24,30,0.8,1.0,5.0,-1.909621238708496,-1.9245235919952393,6.391005992889404,2.403893232345581,40.48448181152344,0.5674074074074074,56.74074074074073
01041.mp4,5,30,36,1.0,1.2,5.0,-1.043933629989624,-0.8531864285469055,5.607667922973633,1.4011564254760742,43.11763000488281,0.5234567901234568,52.345679012345684
01041.mp4,6,36,42,1.2,1.4,5.0,-0.2518715560436249,-2.262275457382202,5.431366920471191,0.5981102585792542,41.948490142822266,0.4730864197530864,47.30864197530864
01041.mp4,7,42,48,1.4,1.6,5.0,-0.5304036736488342,-1.1090930700302124,5.301033973693848,0.7461701035499573,42.04679870605469,0.482962962962963,48.2962962962963
01041.mp4,8,48,54,1.6,1.8,5.0,-0.45745691657066345,-0.9136671423912048,5.35121488571167,0.9697261452674866,35.30479049682617,0.4962962962962963,49.629629629629626
01041.mp4,9,54,60,1.8,2.0,5.0,-0.4798300862312317,0.06105824559926987,4.754308223724365,1.4225183725357056,50.06059646606445,0.5214814814814814,52.148148148148145
01041.mp4,10,60,66,2.0,2.2,5.0,0.5130113363265991,0.5553790330886841,4.670299530029297,1.0333499908447266,31.918485641479492,0.5032098765432099,50.320987654320994
01041.mp4,11,66,72,2.2,2.4,5.0,-0.16928856074810028,-1.6389676332473755,5.415342330932617,1.0276973247528076,35.517051696777344,0.5017283950617284,50.17283950617284
01041.mp4,12,72,78,2.4,2.6,5.0,-0.025440115481615067,-2.3216898441314697,6.085206508636475,1.5010350942611694,43.63710021972656,0.5130864197530864,51.308641975308646
01041.mp4,13,78,84,2.6,2.8,5.0,0.6400061249732971,-3.0801923274993896,6.5381903648376465,2.0787248611450195,43.971805572509766,0.5323456790123456,53.23456790123456
01041.mp4,14,84,90,2.8,3.0,5.0,1.2435842752456665,-3.2443368434906006,6.1060099601745605,1.7154836654663086,30.567537307739258,0.5219753086419753,52.197530864197525
01041.mp4,15,90,96,3.0,3.2,5.0,0.9711206555366516,-2.8845882415771484,6.030986309051514,1.6331721544265747,32.85846710205078,0.5279012345679013,52.79012345679013
01041.mp4,16,96,102,3.2,3.4,5.0,0.33943864703178406,-3.775608539581299,7.098419666290283,2.314387083053589,41.32597351074219,0.542716049382716,54.2716049382716
01041.mp4,17,102,108,3.4,3.6,5.0,0.22036567330360413,-2.072504997253418,5.8469343185424805,2.2448410987854004,46.71803283691406,0.5520987654320988,55.20987654320988
01041.mp4,18,108,114,3.6,3.8,5.0,1.2653791904449463,-2.80137300491333,6.308128833770752,3.3549039363861084,45.085594177246094,0.5945679012345679,59.45679012345679
01041.mp4,19,114,120,3.8,4.0,5.0,-0.2397986799478531,-3.0310001373291016,6.108253479003906,3.8424017429351807,42.186100006103516,0.6044444444444445,60.44444444444444
01041.mp4,20,120,126,4.0,4.2,5.0,-0.755267858505249,-2.5752742290496826,6.141476154327393,4.013250827789307,32.9771614074707,0.6222222222222222,62.22222222222222
01041.mp4,21,126,132,4.2,4.4,5.0,-0.4014894664287567,-3.9638967514038086,7.669615268707275,5.327043056488037,32.240299224853516,0.6375308641975309,63.75308641975309
01041.mp4,22,132,138,4.4,4.6,5.0,0.4601152539253235,-4.650262832641602,8.830645561218262,6.397305011749268,49.61578369140625,0.6528395061728395,65.28395061728395
01041.mp4,23,138,144,4.6,4.8,5.0,0.3287474513053894,-5.08612585067749,9.143148422241211,6.336778163909912,40.43997573852539,0.6316049382716049,63.160493827160494
01041.mp4,24,144,150,4.8,5.0,5.0,-0.36229485273361206,-4.797101974487305,8.560233116149902,4.683429718017578,42.783233642578125,0.6054320987654321,60.543209876543216
01041.mp4,25,150,156,5.0,5.2,5.0,-0.5617128610610962,-5.194436550140381,9.323637962341309,5.212294101715088,45.85846710205078,0.6182716049382716,61.82716049382716
01041.mp4,26,156,162,5.2,5.4,5.0,-1.5589148998260498,-6.5393781661987305,10.040687561035156,5.998142719268799,46.189002990722656,0.6355555555555555,63.55555555555556
01041.mp4,27,162,168,5.4,5.6,5.0,-0.9636155962944031,-4.722151279449463,9.81318473815918,5.911783218383789,40.336097717285156,0.6548148148148148,65.48148148148148
01041.mp4,28,168,174,5.6,5.8,5.0,0.14025047421455383,-4.677104949951172,10.054522514343262,8.377327919006348,38.79153060913086,0.677037037037037,67.7037037037037
01041.mp4,29,174,180,5.8,6.0,5.0,-2.19970965385437,-3.0715434551239014,9.314616203308105,7.5467448234558105,39.74491500854492,0.6953086419753086,69.53086419753086
01041.mp4,30,180,186,6.0,6.2,5.0,-0.03982165828347206,-4.681558132171631,10.101289749145508,8.601668357849121,44.8687629699707,0.6918518518518518,69.18518518518518
01041.mp4,31,186,192,6.2,6.4,5.0,-1.4333971738815308,-4.29986572265625,8.339420318603516,6.634990215301514,33.03118896484375,0.6622222222222223,66.22222222222223
01041.mp4,32,192,198,6.4,6.6,5.0,-0.7895300388336182,-4.637176990509033,8.151165008544922,6.417569160461426,34.54618835449219,0.659753086419753,65.9753086419753
01041.mp4,33,198,204,6.6,6.8,5.0,-0.08285494148731232,-5.699972152709961,9.016332626342773,6.8996477127075195,32.813270568847656,0.682962962962963,68.2962962962963
01041.mp4,34,204,210,6.8,7.0,5.0,-0.12533143162727356,-4.85529899597168,8.416133880615234,5.8728251457214355,33.584041595458984,0.6720987654320988,67.20987654320987
01041.mp4,35,210,216,7.0,7.2,5.0,-0.22807615995407104,-4.210342884063721,7.112174034118652,4.8852643966674805,30.904138565063477,0.6508641975308642,65.08641975308642
01041.mp4,36,216,222,7.2,7.4,5.0,0.014103046618402004,-3.835573434829712,6.523277282714844,4.436517715454102,38.374271392822266,0.6271604938271605,62.71604938271606
01041.mp4,37,222,228,7.4,7.6,5.0,-0.05313224717974663,-3.2561495304107666,5.826586723327637,4.136347770690918,35.65232467651367,0.6325925925925926,63.25925925925926
01041.mp4,38,228,234,7.6,7.8,5.0,-0.13350656628608704,-2.547341823577881,4.944741725921631,3.3535237312316895,29.863252639770508,0.6148148148148148,61.48148148148148
01041.mp4,39,234,240,7.8,8.0,5.0,0.10720886290073395,-1.8223071098327637,3.9285876750946045,2.691340446472168,18.112573623657227,0.5945679012345679,59.45679012345679
01041.mp4,40,240,246,8.0,8.2,5.0,0.1992143839597702,-0.8830203413963318,3.510317802429199,2.1293303966522217,28.584060668945312,0.6098765432098765,60.98765432098765
01041.mp4,41,246,252,8.2,8.4,5.0,0.783501923084259,-0.035263791680336,3.144865036010742,2.386552333831787,21.982263565063477,0.64,64.0
01041.mp4,42,252,258,8.4,8.6,5.0,1.1263107061386108,-1.2402385473251343,3.806663751602173,2.3127992153167725,19.818790435791016,0.6271604938271605,62.71604938271606
01041.mp4,43,258,264,8.6,8.8,5.0,2.2638068199157715,-2.4241867065429688,4.643551826477051,3.172260046005249,29.142621994018555,0.6558024691358024,65.58024691358024
01041.mp4,44,264,270,8.8,9.0,5.0,3.8032383918762207,-2.1209876537323,5.625415802001953,4.888927936553955,38.89521789550781,0.6419753086419753,64.19753086419753
01041.mp4,45,270,276,9.0,9.2,5.0,5.3985137939453125,-1.9241878986358643,6.565154552459717,5.81353235244751,57.5323600769043,0.6582716049382716,65.82716049382717
01041.mp4,46,276,282,9.2,9.4,5.0,5.196456432342529,-1.4837604761123657,6.689080238342285,5.955124378204346,68.41844940185547,0.6745679012345679,67.45679012345678
01041.mp4,47,282,288,9.4,9.6,5.0,6.527663230895996,-1.7781970500946045,7.69791841506958,6.079056739807129,48.60442352294922,0.6755555555555556,67.55555555555556
01041.mp4,48,288,294,9.6,9.8,5.0,6.448884963989258,-2.3010241985321045,8.218746185302734,6.184004783630371,75.96837615966797,0.6755555555555556,67.55555555555556
01041.mp4,49,294,300,9.8,10.0,5.0,3.12282133102417,-2.3247928619384766,5.667619705200195,3.908750295639038,31.898277282714844,0.6513580246913581,65.13580246913581
01041.mp4,50,300,306,10.0,10.2,5.0,0.6462147831916809,-2.155977249145508,5.496729373931885,3.2836318016052246,36.92974090576172,0.6291358024691358,62.91358024691358
01041.mp4,51,306,312,10.2,10.4,5.0,0.17219792306423187,-3.5911455154418945,6.902613639831543,5.060147285461426,45.93394470214844,0.6553086419753087,65.53086419753087
01041.mp4,52,312,318,10.4,10.6,5.0,-1.5169785022735596,-3.8837881088256836,7.309134006500244,5.612606525421143,40.52825927734375,0.6587654320987655,65.87654320987654
01041.mp4,53,318,324,10.6,10.8,5.0,-2.4384260177612305,-3.2996628284454346,7.440427303314209,5.873135089874268,36.857200622558594,0.6577777777777778,65.77777777777779
01041.mp4,54,324,330,10.8,11.0,5.0,-2.127898931503296,-3.6002554893493652,8.13336181640625,6.693831443786621,37.444053649902344,0.6824691358024692,68.24691358024691
01041.mp4,55,330,336,11.0,11.2,5.0,-1.060251235961914,-3.3321821689605713,8.730650901794434,7.195453643798828,57.59451675415039,0.6888888888888889,68.88888888888889
01041.mp4,56,336,342,11.2,11.4,5.0,-2.2602593898773193,-3.843135356903076,8.247991561889648,6.942412376403809,55.026309967041016,0.6982716049382716,69.82716049382715
01041.mp4,57,342,348,11.4,11.6,5.0,-1.4276612997055054,-5.1112542152404785,9.934788703918457,8.162028312683105,39.09021759033203,0.72,72.0
01041.mp4,58,348,354,11.6,11.8,5.0,0.40142565965652466,-4.186311721801758,10.866628646850586,9.130104064941406,45.17582321166992,0.7387654320987654,73.87654320987654
01041.mp4,59,354,360,11.8,12.0,5.0,1.5911535024642944,-1.4118578433990479,10.96999454498291,8.311429023742676,50.75080490112305,0.7407407407407407,74.07407407407408
01041.mp4,60,360,366,12.0,12.2,5.0,-0.4617970883846283,-2.7914175987243652,8.246535301208496,6.777262210845947,34.44490051269531,0.6928395061728395,69.28395061728395
01041.mp4,61,366,372,12.2,12.4,5.0,-1.359083890914917,-3.7145538330078125,8.720794677734375,5.947643756866455,49.969879150390625,0.6582716049382716,65.82716049382717
01041.mp4,62,372,378,12.4,12.6,5.0,-0.15770477056503296,-2.195073127746582,7.950996398925781,5.473674774169922,37.28192138671875,0.6454320987654321,64.5432098765432
01041.mp4,63,378,384,12.6,12.8,5.0,-0.0770370364189148,-3.6451187133789062,8.586522102355957,5.258718013763428,45.67997360229492,0.6330864197530864,63.308641975308646
01041.mp4,64,384,390,12.8,13.0,5.0,-1.2974783182144165,-4.467245101928711,9.904999732971191,8.078620910644531,40.0693473815918,0.6691358024691358,66.91358024691358
01041.mp4,65,390,396,13.0,13.2,5.0,-1.6303637027740479,-3.6492607593536377,10.849867820739746,9.133023262023926,40.58650207519531,0.6814814814814815,68.14814814814815
01041.mp4,66,396,402,13.2,13.4,5.0,-1.2702319622039795,-3.6936612129211426,9.083868026733398,6.746087551116943,47.12959671020508,0.6923456790123457,69.23456790123457
01041.mp4,67,402,408,13.4,13.6,5.0,1.6053358316421509,0.7047943472862244,8.709304809570312,6.72463321685791,43.96470260620117,0.7120987654320987,71.20987654320987
01041.mp4,68,408,414,13.6,13.8,5.0,0.8650356531143188,-4.390777111053467,9.901593208312988,8.231340408325195,44.268802642822266,0.6671604938271605,66.71604938271605
01041.mp4,69,414,420,13.8,14.0,5.0,0.19787158071994781,-3.641812562942505,9.296477317810059,7.476994037628174,49.94099426269531,0.6567901234567901,65.67901234567901
01041.mp4,70,420,426,14.0,14.2,5.0,-2.0153908729553223,-3.3304622173309326,9.726112365722656,8.579208374023438,40.5076789855957,0.705679012345679,70.5679012345679
01041.mp4,71,426,432,14.2,14.4,5.0,-0.3937380611896515,-4.105607032775879,9.008509635925293,8.349925994873047,40.14390182495117,0.7180246913580247,71.80246913580247
01041.mp4,72,432,438,14.4,14.6,5.0,2.3994719982147217,-6.626735210418701,10.493603706359863,6.872175216674805,47.48922348022461,0.6671604938271605,66.71604938271605
01041.mp4,73,438,444,14.6,14.8,5.0,1.341772437095642,-3.8055059909820557,8.805937767028809,6.864760875701904,38.06126022338867,0.6632098765432098,66.32098765432099
01041.mp4,74,444,450,14.8,15.0,5.0,1.6927030086517334,-4.784152984619141,10.199373245239258,8.202622413635254,41.37473678588867,0.7002469135802469,70.0246913580247
01041.mp4,75,450,456,15.0,15.2,5.0,-0.24795059859752655,-5.740617752075195,13.155708312988281,13.716306686401367,54.81632995605469,0.7279012345679012,72.79012345679013
01041.mp4,76,456,462,15.2,15.4,5.0,-0.4877528250217438,-5.463277339935303,12.476058006286621,12.039226531982422,36.47452926635742,0.7007407407407408,70.07407407407408
01041.mp4,77,462,468,15.4,15.6,5.0,-0.06490776687860489,-3.3377914428710938,10.682175636291504,7.786190509796143,39.23497772216797,0.6765432098765433,67.65432098765433
01041.mp4,78,468,474,15.6,15.8,5.0,0.9281869530677795,-4.047826290130615,9.30765151977539,6.167165756225586,49.97908401489258,0.668641975308642,66.8641975308642
01041.mp4,79,474,480,15.8,16.0,5.0,2.1001181602478027,-3.771286964416504,8.453594207763672,6.0401291847229,32.54644775390625,0.7111111111111111,71.11111111111111
01041.mp4,80,480,486,16.0,16.2,5.0,3.6339051723480225,-0.7567364573478699,8.5945405960083,5.839724063873291,38.83030700683594,0.6844444444444444,68.44444444444444
01041.mp4,81,486,492,16.2,16.4,5.0,1.8681895732879639,-3.553670644760132,8.493300437927246,5.305700778961182,46.791236877441406,0.677037037037037,67.7037037037037
01041.mp4,82,492,498,16.4,16.6,5.0,0.9790720343589783,-0.7899828553199768,7.84348201751709,4.637319087982178,45.55424880981445,0.6750617283950617,67.50617283950618
01041.mp4,83,498,504,16.6,16.8,5.0,-0.5947554111480713,-1.4573155641555786,6.8388237953186035,4.5790934562683105,50.83439636230469,0.6696296296296296,66.96296296296296
01041.mp4,84,504,510,16.8,17.0,5.0,-2.621860980987549,-1.4846341609954834,7.245863914489746,5.553954601287842,66.6351318359375,0.6869135802469136,68.69135802469137
01041.mp4,85,510,516,17.0,17.2,5.0,-3.6226725578308105,-2.7437212467193604,8.156908988952637,5.026925563812256,79.1718978881836,0.6518518518518519,65.18518518518519
01041.mp4,86,516,522,17.2,17.4,5.0,-0.5398123860359192,-4.264442443847656,7.225074768066406,3.515458583831787,96.35820770263672,0.5802469135802469,58.0246913580247
01041.mp4,87,522,528,17.4,17.6,5.0,-0.6579921245574951,-1.7992502450942993,4.058267593383789,0.6621692180633545,38.14533615112305,0.4849382716049383,48.49382716049383
01041.mp4,88,528,534,17.6,17.8,5.0,-0.02465214394032955,-0.965235710144043,3.1310861110687256,0.40206730365753174,22.22905921936035,0.4720987654320988,47.20987654320988
01041.mp4,89,534,540,17.8,18.0,5.0,0.8384043574333191,-1.123529076576233,3.464184522628784,0.7973588705062866,25.001239776611328,0.4883950617283951,48.839506172839506
01041.mp4,90,540,546,18.0,18.2,5.0,1.4292784929275513,-1.0174778699874878,3.9427273273468018,1.3425909280776978,31.809404373168945,0.5125925925925926,51.25925925925926
01041.mp4,91,546,552,18.2,18.4,5.0,2.272531747817993,-1.6399565935134888,4.302159309387207,1.628591775894165,31.008134841918945,0.528395061728395,52.8395061728395
01041.mp4,92,552,558,18.4,18.6,5.0,3.6455869674682617,-1.5738492012023926,5.900667190551758,4.064924240112305,36.79452896118164,0.5614814814814815,56.148148148148145
01041.mp4,93,558,564,18.6,18.8,5.0,2.7211406230926514,-1.0467429161071777,4.369843482971191,2.656327724456787,33.512760162353516,0.5530864197530864,55.30864197530864
01041.mp4,94,564,570,18.8,19.0,5.0,1.9027137756347656,0.4595903158187866,3.3323426246643066,1.9090689420700073,25.351810455322266,0.5550617283950617,55.50617283950617
01041.mp4,95,570,576,19.0,19.2,5.0,-0.02839674986898899,-2.303157329559326,3.1355693340301514,2.974785804748535,15.465195655822754,0.5802469135802469,58.0246913580247
01041.mp4,96,576,582,19.2,19.4,5.0,-0.9036903381347656,-2.5972096920013428,3.4234254360198975,3.1395034790039062,13.409096717834473,0.5965432098765432,59.654320987654316
01041.mp4,97,582,588,19.4,19.6,5.0,-0.012051519937813282,0.6987857222557068,1.0048723220825195,0.9589572548866272,8.422574043273926,0.4888888888888889,48.888888888888886
01041.mp4,98,588,594,19.6,19.8,5.0,-0.11367327719926834,-0.3259454667568207,0.4955683946609497,0.525599479675293,6.8932061195373535,0.04691358024691358,4.691358024691358
01041.mp4,99,594,600,19.8,20.0,5.0,-0.14782562851905823,1.8804819583892822,1.9426990747451782,2.498284101486206,5.909945011138916,0.5911111111111111,59.111111111111114
01041.mp4,100,600,606,20.0,20.2,5.0,0.08896519988775253,0.9201183319091797,0.9556897282600403,1.0934008359909058,3.5215535163879395,0.5264197530864198,52.641975308641975
01041.mp4,101,606,612,20.2,20.4,5.0,-0.10009962320327759,-0.2630373537540436,0.36785849928855896,0.3395411968231201,5.133909702301025,0.04,4.0
01041.mp4,102,612,618,20.4,20.6,5.0,0.07062041759490967,0.20321428775787354,0.3110099732875824,0.22865994274616241,2.5438950061798096,0.04395061728395062,4.395061728395062
01041.mp4,103,618,624,20.6,20.8,5.0,0.11459630727767944,-0.050926726311445236,0.41877561807632446,0.24846036732196808,5.704370975494385,0.0962962962962963,9.62962962962963
01041.mp4,104,624,630,20.8,21.0,5.0,0.6159381866455078,-0.040831297636032104,0.7612340450286865,0.5760905742645264,9.710637092590332,0.3254320987654321,32.54320987654321
01041.mp4,105,630,636,21.0,21.2,5.0,1.6411726474761963,1.035560131072998,2.099515438079834,2.244734525680542,12.322833061218262,0.6167901234567901,61.679012345679006
01041.mp4,106,636,642,21.2,21.4,5.0,3.1894261837005615,0.9263818860054016,3.492645263671875,3.788295269012451,29.696033477783203,0.6182716049382716,61.82716049382716
01041.mp4,107,642,648,21.4,21.6,5.0,3.780364751815796,-0.03386314958333969,4.044740676879883,4.1458353996276855,26.508464813232422,0.6187654320987654,61.876543209876544
01041.mp4,108,648,654,21.6,21.8,5.0,3.2084410190582275,-0.9702025055885315,3.8527348041534424,3.417332887649536,31.938167572021484,0.6212345679012345,62.123456790123456
01041.mp4,109,654,660,21.8,22.0,5.0,1.7736605405807495,-0.9817116260528564,3.0481724739074707,2.074079990386963,31.350879669189453,0.585679012345679,58.5679012345679
01041.mp4,110,660,666,22.0,22.2,5.0,-0.368338942527771,-1.4733961820602417,3.484374523162842,2.0485846996307373,23.273054122924805,0.5950617283950618,59.50617283950618
01041.mp4,111,666,672,22.2,22.4,5.0,-2.3399498462677,-2.598564624786377,5.159609794616699,4.348229885101318,26.147951126098633,0.64,64.0
01041.mp4,112,672,678,22.4,22.6,5.0,-4.0813212394714355,-3.959717035293579,7.37127161026001,6.902748107910156,29.36133575439453,0.6785185185185185,67.85185185185185
01041.mp4,113,678,684,22.6,22.8,5.0,-5.830569267272949,-4.094683647155762,8.849028587341309,8.437564849853516,26.788482666015625,0.6938271604938272,69.38271604938272
01041.mp4,114,684,690,22.8,23.0,5.0,-7.327793121337891,-2.9865918159484863,10.038334846496582,9.596497535705566,30.778066635131836,0.7071604938271605,70.71604938271605
01041.mp4,115,690,696,23.0,23.2,5.0,-6.097925186157227,-2.1686434745788574,9.304330825805664,8.532220840454102,35.96487808227539,0.72,72.0
01041.mp4,116,696,702,23.2,23.4,5.0,-5.437886714935303,-3.799384593963623,9.257587432861328,7.944392204284668,38.76174545288086,0.7377777777777778,73.77777777777777
01041.mp4,117,702,708,23.4,23.6,5.0,-3.5705175399780273,-4.0562238693237305,9.746244430541992,8.6431303024292,34.399803161621094,0.7372839506172839,73.72839506172839
01041.mp4,118,708,714,23.6,23.8,5.0,-3.833592653274536,-4.422420978546143,8.67651653289795,6.941824913024902,32.27911376953125,0.7279012345679012,72.79012345679013
01041.mp4,119,714,720,23.8,24.0,5.0,-2.2584941387176514,-4.316821575164795,8.50682258605957,7.086582660675049,35.31271743774414,0.7303703703703703,73.03703703703704
01041.mp4,120,720,726,24.0,24.2,5.0,-2.3765673637390137,-4.3976922035217285,8.917783737182617,7.50232458114624,43.09526443481445,0.7609876543209877,76.09876543209877
01041.mp4,121,726,732,24.2,24.4,5.0,-1.3029046058654785,-4.713791847229004,9.319597244262695,8.631141662597656,44.678688049316406,0.7664197530864197,76.64197530864197
01041.mp4,122,732,738,24.4,24.6,5.0,-1.357282042503357,-3.3151934146881104,7.834269046783447,6.564236640930176,35.51478958129883,0.7649382716049383,76.49382716049384
01041.mp4,123,738,744,24.6,24.8,5.0,-1.2515549659729004,-3.504257917404175,7.282275676727295,6.162148952484131,35.387508392333984,0.7437037037037038,74.37037037037038
01041.mp4,124,744,750,24.8,25.0,5.0,-1.1850556135177612,-3.1501381397247314,6.316161155700684,5.044150352478027,38.88335037231445,0.6977777777777778,69.77777777777779
01041.mp4,125,750,756,25.0,25.2,5.0,-1.9631547927856445,-2.130140542984009,4.931388854980469,3.955587148666382,32.077415466308594,0.6607407407407407,66.07407407407408
01041.mp4,126,756,762,25.2,25.4,5.0,-2.9898838996887207,0.7512276768684387,3.937166213989258,3.1566104888916016,32.9872932434082,0.628641975308642,62.864197530864196
01041.mp4,127,762,768,25.4,25.6,5.0,-2.9663338661193848,1.4100697040557861,3.8544716835021973,3.8223941326141357,25.671369552612305,0.6212345679012345,62.123456790123456
01041.mp4,128,768,774,25.6,25.8,5.0,-2.646726608276367,-1.1758347749710083,3.235276937484741,2.968640089035034,13.678617477416992,0.5901234567901235,59.01234567901235
01041.mp4,129,774,780,25.8,26.0,5.0,-2.716268301010132,-0.07026973366737366,3.080657720565796,3.3886311054229736,13.394343376159668,0.6108641975308642,61.08641975308642
01041.mp4,130,780,786,26.0,26.2,5.0,-2.995365858078003,0.32968446612358093,3.2560083866119385,3.8463056087493896,11.448515892028809,0.6182716049382716,61.82716049382716
01041.mp4,131,786,792,26.2,26.4,5.0,-3.4817869663238525,-0.7798072695732117,3.840895652770996,4.544557094573975,14.630402565002441,0.6158024691358025,61.58024691358025
01041.mp4,132,792,798,26.4,26.6,5.0,-4.12326717376709,-1.7278037071228027,4.656778812408447,5.537842750549316,15.918000221252441,0.6187654320987654,61.876543209876544
01041.mp4,133,798,804,26.6,26.8,5.0,-4.428037166595459,-1.5857847929000854,4.902426242828369,6.141814708709717,18.526899337768555,0.6197530864197531,61.97530864197531
01041.mp4,134,804,810,26.8,27.0,5.0,-5.068686485290527,-1.1512912511825562,5.430753231048584,7.069498062133789,15.691832542419434,0.6207407407407407,62.07407407407407
01041.mp4,135,810,816,27.0,27.2,5.0,-5.449435710906982,-2.2030746936798096,6.059500694274902,8.219986915588379,16.70180320739746,0.6301234567901235,63.01234567901235
01041.mp4,136,816,822,27.2,27.4,5.0,-5.302053928375244,-0.4117770493030548,5.482569217681885,7.0089569091796875,16.58742904663086,0.6232098765432099,62.320987654320994
01041.mp4,137,822,828,27.4,27.6,5.0,-4.990874290466309,0.4561617374420166,5.338443756103516,7.000532150268555,16.18726348876953,0.6207407407407407,62.07407407407407
01041.mp4,138,828,834,27.6,27.8,5.0,-3.5036916732788086,0.9354541897773743,3.761533737182617,4.529757499694824,11.667943000793457,0.6103703703703703,61.03703703703703
01041.mp4,139,834,840,27.8,28.0,5.0,-2.6650028228759766,0.056941431015729904,2.761678695678711,3.825707197189331,7.7754011154174805,0.6266666666666667,62.66666666666667
01041.mp4,140,840,846,28.0,28.2,5.0,-1.9955153465270996,0.4604113698005676,2.1158671379089355,2.7129905223846436,6.336117744445801,0.6024691358024692,60.24691358024692
01041.mp4,141,846,852,28.2,28.4,5.0,-1.6306401491165161,0.4019423723220825,1.7301362752914429,2.3661913871765137,6.314877510070801,0.6118518518518519,61.18518518518519
01041.mp4,142,852,858,28.4,28.6,5.0,-1.254341721534729,0.06952094286680222,1.3439326286315918,1.8539053201675415,8.762255668640137,0.6158024691358025,61.58024691358025
01041.mp4,143,858,864,28.6,28.8,5.0,-0.866650402545929,0.01361900381743908,0.8829964995384216,1.1810396909713745,4.471485137939453,0.5708641975308641,57.08641975308642
01041.mp4,144,864,870,28.8,29.0,5.0,-0.5808426141738892,-0.03696051239967346,0.6612982153892517,0.7902626395225525,6.740746974945068,0.2982716049382716,29.827160493827158
01041.mp4,145,870,876,29.0,29.2,5.0,-0.5660347938537598,0.2530326247215271,0.6988352537155151,0.8200233578681946,6.572863578796387,0.3377777777777778,33.77777777777778
01041.mp4,146,876,882,29.2,29.4,5.0,-0.7284401655197144,0.17965750396251678,0.8241313695907593,1.1322591304779053,6.007709980010986,0.5654320987654321,56.54320987654321
01041.mp4,147,882,888,29.4,29.6,5.0,-0.9912499785423279,-0.03797290101647377,1.0413554906845093,1.2836971282958984,8.472697257995605,0.591604938271605,59.1604938271605
01041.mp4,148,888,894,29.6,29.8,5.0,-1.1952236890792847,0.171329066157341,1.2803559303283691,1.79838228225708,7.8182902336120605,0.6088888888888889,60.88888888888889
01041.mp4,149,894,900,29.8,30.0,5.0,-1.3314074277877808,-0.12994492053985596,1.4006659984588623,1.7919431924819946,9.41357135772705,0.5940740740740741,59.40740740740741
01041.mp4,150,900,906,30.0,30.2,5.0,-1.2093608379364014,0.14869502186775208,1.3019806146621704,1.7931525707244873,8.255900382995605,0.6054320987654321,60.543209876543216
01041.mp4,151,906,912,30.2,30.4,5.0,-1.1648060083389282,-0.07414063811302185,1.2290774583816528,1.5741938352584839,8.109856605529785,0.5753086419753086,57.53086419753086
01041.mp4,152,912,918,30.4,30.6,5.0,-0.8559923768043518,0.10825995355844498,0.9674516320228577,1.2991023063659668,14.518010139465332,0.5960493827160493,59.60493827160494
01041.mp4,153,918,924,30.6,30.8,5.0,-0.8195451498031616,-0.0672258660197258,1.0381437540054321,1.2503529787063599,21.0262508392334,0.56,56.00000000000001
01041.mp4,154,924,930,30.8,31.0,5.0,-0.5916951894760132,0.08423222601413727,1.391496181488037,1.4771267175674438,25.16791534423828,0.6069135802469136,60.691358024691354
01041.mp4,155,930,936,31.0,31.2,5.0,-0.6555206179618835,0.10256938636302948,1.7756493091583252,1.741407871246338,24.84994125366211,0.6301234567901235,63.01234567901235
01041.mp4,156,936,942,31.2,31.4,5.0,-0.482483834028244,0.03851785510778427,2.2285549640655518,2.0684282779693604,23.273448944091797,0.6271604938271605,62.71604938271606
01041.mp4,157,942,948,31.4,31.6,5.0,-0.6560493111610413,0.2826148271560669,2.5157470703125,2.5215249061584473,23.216949462890625,0.6488888888888888,64.88888888888889
01041.mp4,158,948,954,31.6,31.8,5.0,-0.8760852217674255,0.1992957890033722,3.1241726875305176,3.1729416847229004,24.751399993896484,0.6454320987654321,64.5432098765432
01041.mp4,159,954,960,31.8,32.0,5.0,-1.0662319660186768,0.15476451814174652,3.4580554962158203,3.752058267593384,23.669357299804688,0.64,64.0
01041.mp4,160,960,966,32.0,32.2,5.0,-1.1202348470687866,0.3935536742210388,3.642380952835083,3.951605796813965,23.468551635742188,0.6370370370370371,63.70370370370371
01041.mp4,161,966,972,32.2,32.4,5.0,-0.4728756844997406,-0.03479238972067833,3.377312421798706,3.026799440383911,27.541715621948242,0.6355555555555555,63.55555555555556
01041.mp4,162,972,978,32.4,32.6,5.0,0.36095955967903137,0.054517582058906555,2.961963653564453,2.0829806327819824,31.949281692504883,0.6093827160493828,60.93827160493828
01041.mp4,163,978,984,32.6,32.8,5.0,1.0824464559555054,0.009342379868030548,2.6949429512023926,1.3589179515838623,40.58315658569336,0.5911111111111111,59.111111111111114
01041.mp4,164,984,990,32.8,33.0,5.0,1.778685450553894,0.14897520840168,3.201805353164673,1.0573424100875854,48.42158126831055,0.5461728395061728,54.61728395061728
01041.mp4,165,990,996,33.0,33.2,5.0,1.4230601787567139,-0.09046278893947601,3.2515974044799805,1.2327806949615479,53.550296783447266,0.6049382716049383,60.49382716049383
01041.mp4,166,996,1002,33.2,33.4,5.0,2.159945011138916,-0.4715367555618286,4.106264114379883,1.4711542129516602,76.07725524902344,0.6350617283950617,63.50617283950617
01041.mp4,167,1002,1008,33.4,33.6,5.0,1.186011552810669,-0.28870153427124023,3.6576645374298096,1.857966661453247,49.8973388671875,0.6345679012345679,63.456790123456784
01041.mp4,168,1008,1014,33.6,33.8,5.0,0.09177300333976746,0.027767853811383247,3.5831215381622314,2.2729711532592773,44.966888427734375,0.64,64.0
01041.mp4,169,1014,1020,33.8,34.0,5.0,-1.5175410509109497,-0.16518880426883698,3.690795421600342,2.9613311290740967,37.76808166503906,0.6602469135802469,66.02469135802468
01041.mp4,170,1020,1026,34.0,34.2,5.0,-2.8643698692321777,0.8736518025398254,5.019852161407471,5.84517240524292,34.36886215209961,0.6612345679012346,66.12345679012346
01041.mp4,171,1026,1032,34.2,34.4,5.0,-5.441168785095215,0.03210735693573952,6.641565799713135,9.64976692199707,26.252843856811523,0.6513580246913581,65.13580246913581
01041.mp4,172,1032,1038,34.4,34.6,5.0,-6.103801727294922,-0.8657988905906677,9.167038917541504,12.34880542755127,44.487693786621094,0.6553086419753087,65.53086419753087
01041.mp4,173,1038,1044,34.6,34.8,5.0,-7.874055862426758,-1.359991431236267,10.157179832458496,13.561433792114258,30.765527725219727,0.6424691358024691,64.24691358024691
01041.mp4,174,1044,1050,34.8,35.0,5.0,-8.884016036987305,-1.4476587772369385,10.672235488891602,14.198626518249512,39.7956657409668,0.6360493827160494,63.60493827160494
01041.mp4,175,1050,1056,35.0,35.2,5.0,-9.192731857299805,-0.4861568212509155,10.389817237854004,12.339212417602539,26.88369369506836,0.6237037037037036,62.37037037037037
01041.mp4,176,1056,1062,35.2,35.4,5.0,-10.97528076171875,-0.9192671775817871,11.586515426635742,11.80046272277832,31.054983139038086,0.6207407407407407,62.07407407407407
01041.mp4,177,1062,1068,35.4,35.6,5.0,-12.186792373657227,0.09856656193733215,12.53620719909668,12.123268127441406,35.94990921020508,0.625679012345679,62.5679012345679
01041.mp4,178,1068,1074,35.6,35.8,5.0,-12.825733184814453,-1.6663495302200317,13.258625030517578,10.962211608886719,35.04047393798828,0.6162962962962963,61.62962962962963
01041.mp4,179,1074,1080,35.8,36.0,5.0,-12.528679847717285,-2.916144371032715,13.332212448120117,10.457277297973633,41.41463088989258,0.6024691358024692,60.24691358024692
01041.mp4,180,1080,1086,36.0,36.2,5.0,-12.031251907348633,-3.067817449569702,13.000639915466309,8.393754959106445,37.83610534667969,0.5866666666666667,58.666666666666664
01041.mp4,181,1086,1092,36.2,36.4,5.0,-10.102039337158203,-3.4030985832214355,10.99450969696045,3.8087260723114014,37.91092300415039,0.5664197530864198,56.64197530864198
01041.mp4,182,1092,1098,36.4,36.6,5.0,-9.191246032714844,-2.504173994064331,9.79725456237793,2.764441728591919,36.50191116333008,0.5466666666666666,54.666666666666664
01041.mp4,183,1098,1104,36.6,36.8,5.0,-8.222639083862305,-1.9706745147705078,8.739944458007812,2.736008405685425,32.59449768066406,0.5402469135802469,54.02469135802469
01041.mp4,184,1104,1110,36.8,37.0,5.0,-7.384435653686523,-0.9508793354034424,7.781216144561768,1.8531312942504883,35.47734069824219,0.5313580246913581,53.135802469135804
01041.mp4,185,1110,1116,37.0,37.2,5.0,-6.9769158363342285,-0.5420663356781006,7.241847038269043,1.5554370880126953,28.555381774902344,0.5224691358024691,52.24691358024691
01041.mp4,186,1116,1122,37.2,37.4,5.0,-6.118629455566406,-0.1208476796746254,6.333225727081299,1.3164315223693848,27.735631942749023,0.5130864197530864,51.308641975308646
01041.mp4,187,1122,1128,37.4,37.6,5.0,-5.113554000854492,-0.8032629489898682,5.362611770629883,0.9369296431541443,27.53595542907715,0.497283950617284,49.7283950617284
01041.mp4,188,1128,1134,37.6,37.8,5.0,-3.8737945556640625,-1.192318320274353,4.279344081878662,0.8327726125717163,24.554706573486328,0.4888888888888889,48.888888888888886
01041.mp4,189,1134,1140,37.8,38.0,5.0,-3.290771722793579,-1.23085355758667,3.8655879497528076,0.8615633845329285,25.463743209838867,0.4918518518518519,49.18518518518519
01041.mp4,190,1140,1146,38.0,38.2,5.0,-3.0060858726501465,-0.7211121320724487,3.5228848457336426,0.7436122894287109,24.387331008911133,0.4874074074074074,48.74074074074074
01041.mp4,191,1146,1152,38.2,38.4,5.0,-2.7063326835632324,-0.6723068356513977,3.2066001892089844,0.6887543797492981,23.299102783203125,0.48592592592592593,48.592592592592595
01041.mp4,192,1152,1158,38.4,38.6,5.0,-2.5536599159240723,-0.7575505375862122,3.207925319671631,1.0491609573364258,22.70098304748535,0.5027160493827161,50.27160493827161
01041.mp4,193,1158,1164,38.6,38.8,5.0,-2.477278470993042,-0.22945186495780945,3.1645750999450684,0.9609394669532776,21.40285301208496,0.497283950617284,49.7283950617284
01041.mp4,194,1164,1170,38.8,39.0,5.0,-2.3917088508605957,-0.625885546207428,3.037569761276245,1.0157227516174316,21.494821548461914,0.5007407407407407,50.07407407407407
01041.mp4,195,1170,1176,39.0,39.2,5.0,-2.0736002922058105,-0.7781233787536621,2.932027816772461,1.0879559516906738,20.101789474487305,0.5046913580246913,50.46913580246913
01041.mp4,196,1176,1182,39.2,39.4,5.0,-1.7399940490722656,-0.623505175113678,2.643583059310913,0.9804447889328003,19.393753051757812,0.49925925925925924,49.925925925925924
01042.mp4,0,0,6,0.0,0.2,5.0,-0.13943302631378174,-0.16451692581176758,0.6353152394294739,0.00781294982880354,66.49880981445312,0.1037037037037037,10.37037037037037
01042.mp4,1,6,12,0.2,0.4,5.0,-0.09694872796535492,0.07514975219964981,0.5785060524940491,0.006124308332800865,59.190223693847656,0.08641975308641975,8.641975308641975
01042.mp4,2,12,18,0.4,0.6,5.0,-0.19320890307426453,-0.2588150203227997,0.6972428560256958,0.007259052246809006,48.26988220214844,0.09679012345679013,9.679012345679013
01042.mp4,3,18,24,0.6,0.8,5.0,-0.0786060094833374,-0.14953221380710602,0.8313228487968445,0.006357353646308184,71.79135131835938,0.10074074074074074,10.074074074074074
01042.mp4,4,24,30,0.8,1.0,5.0,0.6594330072402954,-0.4785444438457489,1.1839678287506104,0.009343335404992104,53.86036682128906,0.10962962962962963,10.962962962962964
01042.mp4,5,30,36,1.0,1.2,5.0,-0.17094892263412476,0.31465423107147217,0.9848226308822632,0.009488890878856182,52.34912109375,0.11555555555555555,11.555555555555555
01042.mp4,6,36,42,1.2,1.4,5.0,0.015477852895855904,-0.026672249659895897,0.9113420844078064,0.007375113200396299,41.47021484375,0.14419753086419754,14.419753086419753
01042.mp4,7,42,48,1.4,1.6,5.0,-0.019125208258628845,-0.07348424941301346,0.8455396294593811,0.004737407900393009,88.53788757324219,0.13333333333333333,13.333333333333334
01042.mp4,8,48,54,1.6,1.8,5.0,0.039757367223501205,0.679563581943512,1.019235610961914,0.0031743296422064304,112.92376708984375,0.1397530864197531,13.975308641975309
01042.mp4,9,54,60,1.8,2.0,5.0,0.11530008912086487,0.00683446042239666,0.546488344669342,0.006687799468636513,23.50111198425293,0.11259259259259259,11.25925925925926
01042.mp4,10,60,66,2.0,2.2,5.0,0.17040464282035828,-0.04401883855462074,0.5887754559516907,0.008223563432693481,21.35019302368164,0.12049382716049382,12.049382716049383
01042.mp4,11,66,72,2.2,2.4,5.0,0.12347307801246643,0.22348849475383759,0.7312270998954773,0.00570724718272686,21.48797035217285,0.12395061728395061,12.395061728395062
01042.mp4,12,72,78,2.4,2.6,5.0,0.1402818113565445,0.1057603731751442,0.7724229693412781,0.006469497457146645,25.562393188476562,0.1308641975308642,13.086419753086421
01042.mp4,13,78,84,2.6,2.8,5.0,-0.03079918399453163,-0.021857140585780144,0.9871798753738403,0.008212480694055557,63.62699508666992,0.15407407407407409,15.407407407407408
01042.mp4,14,84,90,2.8,3.0,5.0,-0.09666983038187027,0.18075774610042572,1.079729676246643,0.012614211067557335,72.05335998535156,0.16148148148148148,16.14814814814815
01042.mp4,15,90,96,3.0,3.2,5.0,0.04028531163930893,0.014268293976783752,0.7903514504432678,0.01202449668198824,17.3809871673584,0.13037037037037036,13.037037037037036
01042.mp4,16,96,102,3.2,3.4,5.0,0.15973855555057526,0.12417793273925781,0.9554303884506226,0.00748041458427906,22.283233642578125,0.14074074074074075,14.074074074074074
01042.mp4,17,102,108,3.4,3.6,5.0,0.1622881144285202,0.412432998418808,1.112231731414795,0.008597683161497116,27.847700119018555,0.15851851851851853,15.851851851851853
01042.mp4,18,108,114,3.6,3.8,5.0,0.3562382459640503,0.19376637041568756,1.0215541124343872,0.008354704827070236,28.81191062927246,0.15012345679012346,15.012345679012345
01042.mp4,19,114,120,3.8,4.0,5.0,0.42651885747909546,0.4039035141468048,1.2871099710464478,0.014976829290390015,53.869903564453125,0.1728395061728395,17.28395061728395
01042.mp4,20,120,126,4.0,4.2,5.0,0.5037935376167297,-0.18385787308216095,1.2718908786773682,0.0131274638697505,134.48631286621094,0.15012345679012346,15.012345679012345
01042.mp4,21,126,132,4.2,4.4,5.0,0.46246740221977234,0.28146225214004517,1.0937811136245728,0.007168647833168507,169.7447509765625,0.11950617283950617,11.950617283950617
01042.mp4,22,132,138,4.4,4.6,5.0,0.5021213889122009,0.24486210942268372,1.0545639991760254,0.006904514506459236,32.137847900390625,0.12148148148148148,12.148148148148149
01042.mp4,23,138,144,4.6,4.8,5.0,0.036112427711486816,0.00021097065473441035,0.7280736565589905,0.007301809266209602,24.170602798461914,0.11950617283950617,11.950617283950617
01042.mp4,24,144,150,4.8,5.0,5.0,0.2121257185935974,0.19787847995758057,0.7926905155181885,0.011865541338920593,25.87137222290039,0.12345679012345678,12.345679012345679
01042.mp4,25,150,156,5.0,5.2,5.0,0.2513854503631592,0.2458399385213852,0.8874619603157043,0.012398241087794304,40.22055435180664,0.12790123456790123,12.790123456790123
01042.mp4,26,156,162,5.2,5.4,5.0,0.2532205581665039,0.21177953481674194,0.9149481654167175,0.008825632743537426,45.53628921508789,0.1417283950617284,14.17283950617284
01042.mp4,27,162,168,5.4,5.6,5.0,0.29630208015441895,0.04321277514100075,1.0503371953964233,0.006942978594452143,92.01627349853516,0.12395061728395061,12.395061728395062
01042.mp4,28,168,174,5.6,5.8,5.0,0.2328650951385498,0.024056222289800644,0.8412948846817017,0.006055497098714113,30.04688835144043,0.11308641975308642,11.308641975308642
01042.mp4,29,174,180,5.8,6.0,5.0,0.3144543766975403,0.3990681767463684,1.1315339803695679,0.00993754155933857,46.91387939453125,0.1402469135802469,14.024691358024691
01042.mp4,30,180,186,6.0,6.2,5.0,0.08356271684169769,0.5719492435455322,1.3514193296432495,0.009569334797561169,73.41167449951172,0.1437037037037037,14.37037037037037
01042.mp4,31,186,192,6.2,6.4,5.0,-0.3804363012313843,0.3303343951702118,1.3165090084075928,0.005374496802687645,47.507041931152344,0.14765432098765433,14.765432098765432
01042.mp4,32,192,198,6.4,6.6,5.0,-0.9169430732727051,0.4998585879802704,1.9655033349990845,0.005424699280411005,51.74128723144531,0.16641975308641976,16.641975308641975
01042.mp4,33,198,204,6.6,6.8,5.0,-0.8860291838645935,-0.11235909163951874,1.7854126691818237,0.004946616478264332,61.826683044433594,0.1688888888888889,16.88888888888889
01042.mp4,34,204,210,6.8,7.0,5.0,-0.4041551351547241,-0.8557391166687012,1.494360327720642,0.009730915538966656,46.522212982177734,0.15160493827160493,15.160493827160494
01042.mp4,35,210,216,7.0,7.2,5.0,-0.02541731484234333,0.35495370626449585,1.2093918323516846,0.013753789477050304,42.90010452270508,0.1511111111111111,15.11111111111111
01042.mp4,36,216,222,7.2,7.4,5.0,-0.06796903163194656,0.02489001303911209,0.6230481863021851,0.00905207172036171,29.470855712890625,0.1259259259259259,12.592592592592592
01042.mp4,37,222,228,7.4,7.6,5.0,-0.03409123048186302,0.022065941244363785,0.5761851072311401,0.005609166342765093,21.653303146362305,0.11259259259259259,11.25925925925926
01042.mp4,38,228,234,7.6,7.8,5.0,0.18947923183441162,-0.40622007846832275,0.98304283618927,0.005190977826714516,58.97609329223633,0.14765432098765433,14.765432098765432
01042.mp4,39,234,240,7.8,8.0,5.0,0.1680745780467987,-0.015045184642076492,0.814146876335144,0.008407682180404663,57.813514709472656,0.12641975308641976,12.641975308641976
01042.mp4,40,240,246,8.0,8.2,5.0,0.13633359968662262,-0.002442566677927971,0.5602499842643738,0.008700486272573471,13.212817192077637,0.11506172839506174,11.506172839506174
01042.mp4,41,246,252,8.2,8.4,5.0,0.10713911056518555,0.06447914987802505,0.6660046577453613,0.006548724602907896,17.812463760375977,0.11506172839506174,11.506172839506174
01042.mp4,42,252,258,8.4,8.6,5.0,0.04871257394552231,0.3308386206626892,0.7845982313156128,0.006775274872779846,22.401968002319336,0.12444444444444444,12.444444444444445
01042.mp4,43,258,264,8.6,8.8,5.0,-0.005457296501845121,0.2557734251022339,1.0378204584121704,0.007637668866664171,37.33551025390625,0.1417283950617284,14.17283950617284
01042.mp4,44,264,270,8.8,9.0,5.0,-0.029349274933338165,0.23879508674144745,1.2017849683761597,0.011102212592959404,53.89715576171875,0.15407407407407409,15.407407407407408
01042.mp4,45,270,276,9.0,9.2,5.0,-0.38926926255226135,-0.23713986575603485,1.3756638765335083,0.012544508092105389,26.270450592041016,0.19160493827160494,19.160493827160494
01042.mp4,46,276,282,9.2,9.4,5.0,-0.4525589644908905,-0.9172388315200806,2.0279650688171387,0.010367291048169136,56.34405517578125,0.23358024691358026,23.358024691358025
01042.mp4,47,282,288,9.4,9.6,5.0,-0.462948203086853,-0.45887723565101624,1.8168771266937256,0.012547152116894722,36.399166107177734,0.22271604938271605,22.271604938271604
01042.mp4,48,288,294,9.6,9.8,5.0,-0.25637343525886536,-0.47826963663101196,1.4244288206100464,0.011393297463655472,28.98445701599121,0.18123456790123457,18.123456790123456
01042.mp4,49,294,300,9.8,10.0,5.0,-0.030176332220435143,-0.1732480674982071,1.47921884059906,0.01624998264014721,32.45266342163086,0.1891358024691358,18.91358024691358
01042.mp4,50,300,306,10.0,10.2,5.0,0.17749525606632233,0.17041277885437012,1.6158198118209839,0.015145792625844479,40.268497467041016,0.18123456790123457,18.123456790123456
01042.mp4,51,306,312,10.2,10.4,5.0,-0.000374680501408875,0.011639177799224854,1.2056514024734497,0.00889293197542429,33.89254379272461,0.17580246913580247,17.580246913580247
01042.mp4,52,312,318,10.4,10.6,5.0,0.044623520225286484,0.006765257101505995,1.1818240880966187,0.008276805281639099,30.48708724975586,0.17876543209876544,17.876543209876544
01042.mp4,53,318,324,10.6,10.8,5.0,0.15052811801433563,0.3823160231113434,1.0879477262496948,0.007234843913465738,33.1644172668457,0.16148148148148148,16.14814814814815
01042.mp4,54,324,330,10.8,11.0,5.0,0.04214157909154892,0.45511871576309204,1.028210997581482,0.00787475984543562,33.22866439819336,0.1634567901234568,16.34567901234568
01042.mp4,55,330,336,11.0,11.2,5.0,0.11984772235155106,0.375461220741272,1.016126275062561,0.0087114367634058,33.40364074707031,0.17185185185185184,17.185185185185183
01042.mp4,56,336,342,11.2,11.4,5.0,0.1634722799062729,0.42002496123313904,0.9161875247955322,0.006699688732624054,33.33758544921875,0.174320987654321,17.432098765432098
01042.mp4,57,342,348,11.4,11.6,5.0,0.0008031849865801632,0.30622896552085876,0.8201364278793335,0.008266016840934753,36.2059326171875,0.16444444444444445,16.444444444444446
01042.mp4,58,348,354,11.6,11.8,5.0,-0.020444268360733986,0.46942436695098877,0.7464743256568909,0.00781831331551075,26.49259376525879,0.1654320987654321,16.543209876543212
01042.mp4,59,354,360,11.8,12.0,5.0,-0.005417574197053909,0.35312706232070923,0.5748166441917419,0.009096922352910042,14.672486305236816,0.1580246913580247,15.802469135802468
01042.mp4,60,360,366,12.0,12.2,5.0,-0.009651117958128452,0.44055911898612976,0.5610885620117188,0.008439471013844013,14.09789752960205,0.17234567901234568,17.23456790123457
01042.mp4,61,366,372,12.2,12.4,5.0,-0.01596420630812645,0.3024108409881592,0.41363686323165894,0.006564255338162184,7.971254825592041,0.1437037037037037,14.37037037037037
01042.mp4,62,372,378,12.4,12.6,5.0,-0.0577678382396698,0.14665886759757996,0.315883606672287,0.007012043613940477,6.656465530395508,0.0874074074074074,8.74074074074074
01042.mp4,63,378,384,12.6,12.8,5.0,-0.06744110584259033,0.18359233438968658,0.33435919880867004,0.006923362147063017,7.564533710479736,0.08641975308641975,8.641975308641975
01042.mp4,64,384,390,12.8,13.0,5.0,-0.10592712461948395,0.2361278384923935,0.38524070382118225,0.008317932486534119,9.121217727661133,0.10567901234567902,10.567901234567902
01042.mp4,65,390,396,13.0,13.2,5.0,-0.11672966927289963,0.17855684459209442,0.33724111318588257,0.007765134796500206,10.823047637939453,0.08148148148148149,8.148148148148149
01042.mp4,66,396,402,13.2,13.4,5.0,-0.13845442235469818,0.19190099835395813,0.3486458361148834,0.007008947432041168,12.096489906311035,0.07111111111111111,7.111111111111111
01042.mp4,67,402,408,13.4,13.6,5.0,-0.17237333953380585,0.18838486075401306,0.36167845129966736,0.007264839485287666,13.084901809692383,0.07851851851851852,7.851851851851851
01042.mp4,68,408,414,13.6,13.8,5.0,-0.1623798906803131,0.18478281795978546,0.3615940809249878,0.007262932602316141,14.897368431091309,0.0725925925925926,7.2592592592592595
01042.mp4,69,414,420,13.8,14.0,5.0,-0.21943147480487823,0.12117030471563339,0.36210212111473083,0.007916387170553207,16.07248306274414,0.0637037037037037,6.37037037037037
01042.mp4,70,420,426,14.0,14.2,5.0,-0.4361816644668579,0.13032163679599762,0.5761194825172424,0.007444649934768677,21.85379981994629,0.07901234567901234,7.901234567901234
01042.mp4,71,426,432,14.2,14.4,5.0,-0.42232009768486023,0.1063212975859642,0.5754432678222656,0.006453759968280792,19.60187530517578,0.08296296296296296,8.296296296296296
01042.mp4,72,432,438,14.4,14.6,5.0,-0.5207276344299316,0.02636975608766079,0.6824930906295776,0.006051782052963972,26.26386070251465,0.09135802469135802,9.135802469135802
01042.mp4,73,438,444,14.6,14.8,5.0,-0.5664829611778259,0.10973687469959259,0.7338913679122925,0.006658511236310005,25.003204345703125,0.08839506172839506,8.839506172839506
01042.mp4,74,444,450,14.8,15.0,5.0,-0.787731409072876,0.2893507480621338,0.9688629508018494,0.007607361767441034,31.20671272277832,0.08592592592592592,8.592592592592592
01042.mp4,75,450,456,15.0,15.2,5.0,-1.0864752531051636,0.2622973918914795,1.2187669277191162,0.0070167966187000275,31.325836181640625,0.08987654320987655,8.987654320987655
01042.mp4,76,456,462,15.2,15.4,5.0,-1.4195406436920166,0.33772218227386475,1.5704413652420044,0.004421037156134844,41.94124984741211,0.07901234567901234,7.901234567901234
01042.mp4,77,462,468,15.4,15.6,5.0,-1.662602186203003,0.46281448006629944,1.8050981760025024,0.004095993470400572,47.94438934326172,0.09827160493827161,9.827160493827162
01042.mp4,78,468,474,15.6,15.8,5.0,-2.166513681411743,1.1184545755386353,2.570298194885254,0.004806455224752426,51.87885284423828,0.14469135802469135,14.469135802469136
01042.mp4,79,474,480,15.8,16.0,5.0,-0.45653748512268066,0.25939956307411194,0.9589086174964905,0.00530038308352232,38.77602767944336,0.08148148148148149,8.148148148148149
01042.mp4,80,480,486,16.0,16.2,5.0,-0.49646076560020447,0.6079031229019165,1.413509726524353,0.005324989557266235,54.833988189697266,0.08987654320987655,8.987654320987655
01042.mp4,81,486,492,16.2,16.4,5.0,-0.6372377872467041,0.26394006609916687,0.9906715154647827,0.005466053262352943,49.062381744384766,0.07604938271604939,7.604938271604938
01042.mp4,82,492,498,16.4,16.6,5.0,-0.28978684544563293,0.30659598112106323,0.8909706473350525,0.005261871963739395,59.36390686035156,0.06765432098765432,6.765432098765432
01042.mp4,83,498,504,16.6,16.8,5.0,0.0756065770983696,0.001801025471650064,0.24852995574474335,0.005661877803504467,32.66859817504883,0.03111111111111111,3.111111111111111
01042.mp4,84,504,510,16.8,17.0,5.0,0.048885803669691086,0.002473610220476985,0.14363257586956024,0.007068457547575235,17.994340896606445,0.01728395061728395,1.728395061728395
01042.mp4,85,510,516,17.0,17.2,5.0,-0.19221454858779907,0.03908126801252365,0.2299468070268631,0.007835096679627895,25.844701766967773,0.012345679012345678,1.2345679012345678
01042.mp4,86,516,522,17.2,17.4,5.0,7.410333637380973e-05,0.002454686677083373,0.02629123628139496,0.006335544865578413,0.7970898747444153,0.0,0.0
01042.mp4,87,522,528,17.4,17.6,5.0,0.0007259206613525748,-0.00014598046254832298,0.02710113488137722,0.0062977829948067665,1.0058947801589966,0.0004938271604938272,0.04938271604938272
01042.mp4,88,528,534,17.6,17.8,5.0,-7.672168430872262e-05,0.00015141870244406164,0.026574157178401947,0.006876629311591387,0.6121248602867126,0.0,0.0
01043.mp4,0,0,6,0.0,0.2,5.0,-0.5716853737831116,-0.3066559433937073,1.148937463760376,0.41802236437797546,28.586105346679688,0.3111111111111111,31.11111111111111
01043.mp4,1,6,12,0.2,0.4,5.0,-0.6557772159576416,-0.33740511536598206,1.1375535726547241,0.3524262011051178,25.0443115234375,0.2745679012345679,27.45679012345679
01043.mp4,2,12,18,0.4,0.6,5.0,-0.7776632905006409,-0.2962329685688019,1.2911113500595093,0.4506520926952362,25.789262771606445,0.2849382716049383,28.49382716049383
01043.mp4,3,18,24,0.6,0.8,5.0,-0.7995110750198364,-0.26257696747779846,1.3452516794204712,0.38809138536453247,24.47484588623047,0.2785185185185185,27.85185185185185
01043.mp4,4,24,30,0.8,1.0,5.0,-0.8374208807945251,-0.22438563406467438,1.3777276277542114,0.5539814829826355,23.18907928466797,0.3377777777777778,33.77777777777778
01043.mp4,5,30,36,1.0,1.2,5.0,-0.9237862825393677,-0.6906145215034485,1.5967068672180176,0.7675105333328247,26.59829330444336,0.454320987654321,45.4320987654321
01043.mp4,6,36,42,1.2,1.4,5.0,-0.6826155185699463,-0.6383668184280396,1.4333404302597046,0.696375846862793,26.359375,0.43950617283950616,43.95061728395061
01043.mp4,7,42,48,1.4,1.6,5.0,-0.7592214345932007,-0.3600882291793823,1.1293374300003052,0.2789200246334076,29.26178550720215,0.2365432098765432,23.65432098765432
01043.mp4,8,48,54,1.6,1.8,5.0,-0.7092899084091187,-0.1719527691602707,1.0230005979537964,0.23904778063297272,25.721397399902344,0.15407407407407409,15.407407407407408
01043.mp4,9,54,60,1.8,2.0,5.0,-0.6335241794586182,0.02860741689801216,0.9507046341896057,0.24216383695602417,22.45116424560547,0.13876543209876543,13.876543209876543
01043.mp4,10,60,66,2.0,2.2,5.0,-0.5515143871307373,-0.13690435886383057,0.9288032650947571,0.2378547042608261,20.229652404785156,0.12790123456790123,12.790123456790123
01043.mp4,11,66,72,2.2,2.4,5.0,-0.6225007176399231,-0.17453259229660034,0.9493139982223511,0.2650454044342041,20.858890533447266,0.1402469135802469,14.024691358024691
01043.mp4,12,72,78,2.4,2.6,5.0,-0.651049017906189,-0.052207060158252716,0.8232549428939819,0.11438942700624466,20.27237319946289,0.11012345679012346,11.012345679012347
01043.mp4,13,78,84,2.6,2.8,5.0,-0.679068922996521,-0.05801302567124367,0.8653460741043091,0.15916325151920319,22.525917053222656,0.12691358024691357,12.691358024691358
01043.mp4,14,84,90,2.8,3.0,5.0,-0.7852410078048706,0.00023145887826103717,0.9447677731513977,0.13579274713993073,24.508386611938477,0.12691358024691357,12.691358024691358
01043.mp4,15,90,96,3.0,3.2,5.0,-0.7099008560180664,-0.053966790437698364,1.0015687942504883,0.18361128866672516,27.588022232055664,0.13185185185185186,13.185185185185185
01043.mp4,16,96,102,3.2,3.4,5.0,-0.6503553986549377,-0.07502741366624832,0.9766950607299805,0.2650492191314697,26.908451080322266,0.1491358024691358,14.913580246913579
01043.mp4,17,102,108,3.4,3.6,5.0,-0.7674621939659119,-0.2993807792663574,1.1358245611190796,0.3293255567550659,30.086809158325195,0.16493827160493826,16.493827160493826
01043.mp4,18,108,114,3.6,3.8,5.0,-0.3198690414428711,-0.08723439276218414,0.718757688999176,0.2255210131406784,26.669626235961914,0.12493827160493827,12.493827160493828
01043.mp4,19,114,120,3.8,4.0,5.0,-0.7109255194664001,0.18166066706180573,1.0408754348754883,0.2310236245393753,32.75120544433594,0.13580246913580246,13.580246913580247
01043.mp4,20,120,126,4.0,4.2,5.0,-0.18784384429454803,0.20009149610996246,0.5196341276168823,0.23296520113945007,18.194543838500977,0.07802469135802469,7.802469135802468
01043.mp4,21,126,132,4.2,4.4,5.0,-0.924977719783783,0.016839053481817245,1.1809840202331543,0.17803175747394562,34.38725280761719,0.11061728395061729,11.06172839506173
01043.mp4,22,132,138,4.4,4.6,5.0,-0.904167115688324,-0.18393222987651825,1.175301194190979,0.14753136038780212,33.61436080932617,0.11407407407407408,11.407407407407408
01043.mp4,23,138,144,4.6,4.8,5.0,-0.7102618217468262,-0.17085900902748108,0.8948255181312561,0.11681261658668518,33.564186096191406,0.06222222222222222,6.222222222222222
01043.mp4,24,144,150,4.8,5.0,5.0,-0.4586126208305359,-0.17031024396419525,0.7285590767860413,0.09309162944555283,30.872661590576172,0.07160493827160494,7.160493827160494
01043.mp4,25,150,156,5.0,5.2,5.0,-0.6630396246910095,-0.03196142986416817,0.7539957165718079,0.08222559094429016,34.230308532714844,0.07012345679012345,7.012345679012346
01043.mp4,26,156,162,5.2,5.4,5.0,-0.4736899137496948,-0.07041255384683609,0.5332915186882019,0.0307178758084774,25.94251823425293,0.03802469135802469,3.802469135802469
01043.mp4,27,162,168,5.4,5.6,5.0,-0.27809032797813416,-0.09497442096471786,0.46310192346572876,0.054683808237314224,27.5156192779541,0.04839506172839506,4.839506172839506
01043.mp4,28,168,174,5.6,5.8,5.0,-0.30784159898757935,-0.022013088688254356,0.380337119102478,0.04152876138687134,23.224393844604492,0.029135802469135802,2.9135802469135803
01043.mp4,29,174,180,5.8,6.0,5.0,-0.2222079336643219,-0.06406934559345245,0.30058667063713074,0.04674931988120079,21.449382781982422,0.02617283950617284,2.617283950617284
01043.mp4,30,180,186,6.0,6.2,5.0,-0.13658644258975983,-0.05210335925221443,0.305192768573761,0.06481341272592545,21.322359085083008,0.03506172839506173,3.506172839506173
01043.mp4,31,186,192,6.2,6.4,5.0,-0.1080341711640358,-0.038039904087781906,0.2677202820777893,0.07600976526737213,20.52814292907715,0.03358024691358025,3.3580246913580245
01043.mp4,32,192,198,6.4,6.6,5.0,-0.016820980235934258,-0.015208572149276733,0.13698844611644745,0.06511277705430984,7.926878929138184,0.013827160493827161,1.3827160493827162
01043.mp4,33,198,204,6.6,6.8,5.0,-0.036709606647491455,-0.00358657562173903,0.1123356968164444,0.04298175126314163,7.925525188446045,0.012839506172839505,1.2839506172839505
01043.mp4,34,204,210,6.8,7.0,5.0,0.07533080130815506,-0.03099791146814823,0.15304572880268097,0.05071179196238518,6.878689765930176,0.036049382716049384,3.6049382716049383
01043.mp4,35,210,216,7.0,7.2,5.0,-0.16902859508991241,0.09105560928583145,0.3794823884963989,0.13983222842216492,5.851888179779053,0.09481481481481481,9.481481481481481
01043.mp4,36,216,222,7.2,7.4,5.0,-0.09794136881828308,0.031160688027739525,0.5694574117660522,0.20961783826351166,12.357183456420898,0.12,12.0
01043.mp4,37,222,228,7.4,7.6,5.0,-0.3029491901397705,0.305640310049057,1.0654419660568237,0.5671421885490417,16.74228858947754,0.19753086419753085,19.753086419753085
01043.mp4,38,228,234,7.6,7.8,5.0,-0.3365578055381775,0.7515984773635864,1.64620840549469,0.9648884534835815,23.973703384399414,0.4893827160493827,48.93827160493827
01043.mp4,39,234,240,7.8,8.0,5.0,-2.1132938861846924,0.6362771391868591,3.1421992778778076,2.2853145599365234,24.589027404785156,0.5506172839506173,55.06172839506173
01043.mp4,40,240,246,8.0,8.2,5.0,-4.079634666442871,0.5511817336082458,4.776613235473633,3.0017566680908203,33.096649169921875,0.5506172839506173,55.06172839506173
01043.mp4,41,246,252,8.2,8.4,5.0,-5.975295543670654,0.10332073271274567,6.699942588806152,3.2494935989379883,40.30592346191406,0.5466666666666666,54.666666666666664
01043.mp4,42,252,258,8.4,8.6,5.0,-7.756213188171387,-1.0735753774642944,8.872223854064941,3.936724901199341,37.06378936767578,0.551604938271605,55.160493827160494
01043.mp4,43,258,264,8.6,8.8,5.0,-9.962035179138184,-5.602932453155518,11.685672760009766,6.997496128082275,32.4979362487793,0.5560493827160494,55.604938271604944
01043.mp4,44,264,270,8.8,9.0,5.0,-10.691934585571289,-4.586687088012695,12.690244674682617,6.087083339691162,50.128055572509766,0.5911111111111111,59.111111111111114
01043.mp4,45,270,276,9.0,9.2,5.0,-7.439692497253418,-3.2521259784698486,11.29041862487793,4.724009037017822,50.0885124206543,0.5901234567901235,59.01234567901235
01043.mp4,46,276,282,9.2,9.4,5.0,-7.350168704986572,5.3489484786987305,13.793523788452148,8.309049606323242,53.19059753417969,0.6079012345679012,60.79012345679013
01043.mp4,47,282,288,9.4,9.6,5.0,-7.251764297485352,9.617388725280762,14.640338897705078,11.921638488769531,57.350677490234375,0.6108641975308642,61.08641975308642
01043.mp4,48,288,294,9.6,9.8,5.0,-10.524826049804688,-2.987734794616699,12.744473457336426,5.432282447814941,49.99696350097656,0.5728395061728395,57.28395061728395
01043.mp4,49,294,300,9.8,10.0,5.0,-3.852900505065918,-1.8018548488616943,9.391927719116211,5.606621265411377,56.623802185058594,0.5767901234567901,57.67901234567901
01043.mp4,50,300,306,10.0,10.2,5.0,-3.106452703475952,1.4039164781570435,8.74725341796875,2.5652501583099365,57.42634201049805,0.5402469135802469,54.02469135802469
01043.mp4,51,306,312,10.2,10.4,5.0,-2.978433609008789,2.0802485942840576,9.45323371887207,3.943263292312622,50.871971130371094,0.5451851851851852,54.51851851851852
01043.mp4,52,312,318,10.4,10.6,5.0,-3.358790397644043,2.1918108463287354,9.016127586364746,3.760185956954956,48.22212600708008,0.5506172839506173,55.06172839506173
01043.mp4,53,318,324,10.6,10.8,5.0,-3.894840955734253,0.8685304522514343,8.162345886230469,2.2563445568084717,64.45724487304688,0.5308641975308642,53.086419753086425
01043.mp4,54,324,330,10.8,11.0,5.0,-2.4532454013824463,1.4111526012420654,7.853899955749512,1.4494245052337646,37.904273986816406,0.5190123456790123,51.901234567901234
01043.mp4,55,330,336,11.0,11.2,5.0,-6.770664215087891,-0.442266047000885,8.403748512268066,1.0658464431762695,50.40993118286133,0.5037037037037037,50.37037037037037
01043.mp4,56,336,342,11.2,11.4,5.0,-5.147861480712891,-0.3304775357246399,7.844358921051025,0.7792989611625671,43.36915588378906,0.49135802469135803,49.135802469135804
01043.mp4,57,342,348,11.4,11.6,5.0,-3.0248053073883057,-1.3394182920455933,7.532582759857178,0.641572117805481,43.36524200439453,0.4849382716049383,48.49382716049383
01043.mp4,58,348,354,11.6,11.8,5.0,-3.050232410430908,-0.8778838515281677,6.008255958557129,0.49253350496292114,34.394081115722656,0.4706172839506173,47.06172839506173
01043.mp4,59,354,360,11.8,12.0,5.0,-2.7613179683685303,-1.3602561950683594,5.625280380249023,0.42422884702682495,31.810834884643555,0.4671604938271605,46.71604938271605
01043.mp4,60,360,366,12.0,12.2,5.0,-1.096900463104248,-1.225632905960083,6.611015319824219,0.4550202190876007,41.36833190917969,0.4730864197530864,47.30864197530864
01043.mp4,61,366,372,12.2,12.4,5.0,-1.7725504636764526,-0.03964946046471596,6.041276931762695,0.23868879675865173,41.32661056518555,0.43061728395061727,43.06172839506173
01043.mp4,62,372,378,12.4,12.6,5.0,-1.6359537839889526,-1.565954327583313,5.261708736419678,0.13440634310245514,41.59910583496094,0.4192592592592593,41.92592592592593
01043.mp4,63,378,384,12.6,12.8,5.0,-1.6022282838821411,-1.6055859327316284,5.368081569671631,0.1524272859096527,45.22955322265625,0.41975308641975306,41.9753086419753
01043.mp4,64,384,390,12.8,13.0,5.0,-1.1941068172454834,0.23808515071868896,5.3382039070129395,0.14911599457263947,41.14959716796875,0.41975308641975306,41.9753086419753
01043.mp4,65,390,396,13.0,13.2,5.0,-0.36104094982147217,-1.3014841079711914,4.973606109619141,0.18306133151054382,35.83684539794922,0.42962962962962964,42.96296296296296
01043.mp4,66,396,402,13.2,13.4,5.0,0.1895340234041214,-0.5270099639892578,5.103266716003418,0.22622890770435333,38.156280517578125,0.425679012345679,42.5679012345679
01043.mp4,67,402,408,13.4,13.6,5.0,-0.8653221726417542,-1.5322492122650146,5.599594593048096,0.20081567764282227,39.753597259521484,0.41876543209876543,41.876543209876544
01043.mp4,68,408,414,13.6,13.8,5.0,-1.3226408958435059,-1.3013455867767334,6.010953903198242,0.3414131700992584,38.417301177978516,0.44246913580246916,44.24691358024692
01043.mp4,69,414,420,13.8,14.0,5.0,-0.2639182507991791,-2.075380325317383,6.499866008758545,0.2576383948326111,37.51433181762695,0.4567901234567901,45.67901234567901
01043.mp4,70,420,426,14.0,14.2,5.0,1.0336188077926636,-0.14504678547382355,5.731516361236572,0.23393549025058746,48.11228561401367,0.4311111111111111,43.111111111111114
01043.mp4,71,426,432,14.2,14.4,5.0,0.32894960045814514,-1.7454756498336792,5.266468048095703,0.3434320390224457,43.744476318359375,0.44395061728395063,44.39506172839506
01043.mp4,72,432,438,14.4,14.6,5.0,0.05971387401223183,-0.7947632670402527,5.180373668670654,0.3101847469806671,38.042152404785156,0.44938271604938274,44.93827160493827
01043.mp4,73,438,444,14.6,14.8,5.0,0.8407325148582458,-0.6795325875282288,4.642073631286621,0.3222765028476715,70.03729248046875,0.4597530864197531,45.97530864197531
01043.mp4,74,444,450,14.8,15.0,5.0,0.5127907395362854,-0.6859092712402344,4.585659980773926,0.6455435752868652,67.94915771484375,0.4785185185185185,47.85185185185185
01043.mp4,75,450,456,15.0,15.2,5.0,1.121059536933899,-1.743820309638977,5.5021257400512695,0.6738647818565369,145.73721313476562,0.4795061728395062,47.95061728395062
01043.mp4,76,456,462,15.2,15.4,5.0,0.2607513666152954,-0.3452286422252655,4.559384346008301,0.3089488446712494,125.60210418701172,0.44,44.0
01043.mp4,77,462,468,15.4,15.6,5.0,0.6031461358070374,-1.1358362436294556,4.915399074554443,0.30003365874290466,58.57059860229492,0.44246913580246916,44.24691358024692
01043.mp4,78,468,474,15.6,15.8,5.0,1.050849437713623,-2.093135118484497,6.156488418579102,0.23184917867183685,57.554595947265625,0.4528395061728395,45.28395061728395
01043.mp4,79,474,480,15.8,16.0,5.0,-0.5406680703163147,-0.8934510946273804,6.611182689666748,0.22098125517368317,52.86087417602539,0.4454320987654321,44.54320987654321
01043.mp4,80,480,486,16.0,16.2,5.0,-2.9569387435913086,-1.4521629810333252,6.411348342895508,0.2017921358346939,63.792083740234375,0.4444444444444444,44.44444444444444
01043.mp4,81,486,492,16.2,16.4,5.0,-1.9565823078155518,-1.4724805355072021,6.821281909942627,0.17440776526927948,61.16361999511719,0.44592592592592595,44.592592592592595
01043.mp4,82,492,498,16.4,16.6,5.0,0.010572434403002262,-0.5632835030555725,4.624949932098389,0.5444303750991821,34.72918701171875,0.47160493827160493,47.160493827160494
01043.mp4,83,498,504,16.6,16.8,5.0,-0.13868145644664764,-1.284429669380188,5.10270357131958,0.509657084941864,35.187679290771484,0.4617283950617284,46.17283950617284
01043.mp4,84,504,510,16.8,17.0,5.0,-0.9770122170448303,-1.353363275527954,5.639589309692383,0.47702303528785706,63.915985107421875,0.45728395061728394,45.72839506172839
01043.mp4,85,510,516,17.0,17.2,5.0,-1.9212217330932617,-1.2983803749084473,6.155340671539307,0.3596758246421814,38.449031829833984,0.46074074074074073,46.074074074074076
01043.mp4,86,516,522,17.2,17.4,5.0,-2.782229423522949,-0.20632854104042053,6.391417026519775,0.25015494227409363,70.10538482666016,0.4508641975308642,45.08641975308642
01043.mp4,87,522,528,17.4,17.6,5.0,-0.15280014276504517,1.9670968055725098,6.509840965270996,0.9772552251815796,64.38792419433594,0.49925925925925924,49.925925925925924
01043.mp4,88,528,534,17.6,17.8,5.0,1.8911137580871582,0.861505389213562,5.741898059844971,1.1052753925323486,48.650665283203125,0.5066666666666667,50.66666666666667
01043.mp4,89,534,540,17.8,18.0,5.0,0.19796808063983917,1.6353312730789185,5.951977252960205,1.7280102968215942,84.58966064453125,0.5338271604938272,53.382716049382715
01043.mp4,90,540,546,18.0,18.2,5.0,1.2213550806045532,0.1867445558309555,4.623786449432373,0.8101196885108948,41.86103439331055,0.48345679012345677,48.34567901234568
01043.mp4,91,546,552,18.2,18.4,5.0,1.0197219848632812,1.8516273498535156,5.1736345291137695,0.20395439863204956,62.755470275878906,0.4301234567901235,43.01234567901235
01043.mp4,92,552,558,18.4,18.6,5.0,1.9731299877166748,1.2452168464660645,4.974447727203369,0.09715665876865387,56.153743743896484,0.4039506172839506,40.395061728395056
01043.mp4,93,558,564,18.6,18.8,5.0,1.3687688112258911,-0.9877204298973083,4.937873363494873,0.06072612106800079,51.841468811035156,0.4,40.0
01043.mp4,94,564,570,18.8,19.0,5.0,3.8585281372070312,-0.4700867533683777,5.640336990356445,0.13398750126361847,36.72373962402344,0.41432098765432096,41.432098765432094
01043.mp4,95,570,576,19.0,19.2,5.0,4.850759506225586,-0.7700016498565674,6.074406147003174,0.12626765668392181,35.328433990478516,0.40839506172839507,40.839506172839506
01043.mp4,96,576,582,19.2,19.4,5.0,3.5493500232696533,2.47159481048584,6.098592281341553,0.11582702398300171,66.7907943725586,0.397037037037037,39.7037037037037
01043.mp4,97,582,588,19.4,19.6,5.0,5.359589576721191,4.961197853088379,8.397018432617188,0.09611784666776657,67.43058776855469,0.4088888888888889,40.88888888888889
01043.mp4,98,588,594,19.6,19.8,5.0,-1.2974700927734375,-0.015297474339604378,5.906933307647705,0.17872254550457,46.424827575683594,0.4444444444444444,44.44444444444444
01043.mp4,99,594,600,19.8,20.0,5.0,-1.618651032447815,-0.7290440797805786,5.226011753082275,0.21475709974765778,36.900089263916016,0.44246913580246916,44.24691358024692
01043.mp4,100,600,606,20.0,20.2,5.0,-0.050465360283851624,2.03521728515625,5.666503429412842,0.5093704462051392,34.58003616333008,0.47802469135802467,47.80246913580247
01043.mp4,101,606,612,20.2,20.4,5.0,0.4436914026737213,0.08234016597270966,6.250961780548096,0.7636138796806335,49.26182174682617,0.497283950617284,49.7283950617284
01043.mp4,102,612,618,20.4,20.6,5.0,-0.14276638627052307,-3.771552562713623,8.35559368133545,2.1035144329071045,44.67057800292969,0.5185185185185185,51.85185185185185
01043.mp4,103,618,624,20.6,20.8,5.0,2.7403533458709717,3.076800584793091,7.914620876312256,2.111976385116577,45.22446823120117,0.5195061728395062,51.95061728395062
01043.mp4,104,624,630,20.8,21.0,5.0,2.7050442695617676,1.8033636808395386,6.633403778076172,1.0882322788238525,35.24640655517578,0.5022222222222222,50.22222222222222
01043.mp4,105,630,636,21.0,21.2,5.0,4.502384662628174,-0.6711627244949341,7.536591529846191,0.2091040015220642,42.710384368896484,0.4730864197530864,47.30864197530864
01043.mp4,106,636,642,21.2,21.4,5.0,7.5453081130981445,2.043252468109131,10.007107734680176,0.11445857584476471,52.907745361328125,0.4577777777777778,45.77777777777778
01043.mp4,107,642,648,21.4,21.6,5.0,6.974127292633057,0.7737584710121155,9.297066688537598,0.45512256026268005,56.1247444152832,0.4745679012345679,47.45679012345679
01043.mp4,108,648,654,21.6,21.8,5.0,2.954982280731201,-0.5143449902534485,5.985250949859619,0.4712955057621002,49.40951156616211,0.4730864197530864,47.30864197530864
01043.mp4,109,654,660,21.8,22.0,5.0,6.443981647491455,0.17991982400417328,8.161235809326172,0.48677152395248413,47.42555236816406,0.47555555555555556,47.55555555555556
01043.mp4,110,660,666,22.0,22.2,5.0,4.960247993469238,-0.7996299266815186,7.62058162689209,0.7319313883781433,47.258907318115234,0.4893827160493827,48.93827160493827
01043.mp4,111,666,672,22.2,22.4,5.0,1.775357961654663,-1.0213700532913208,7.086658000946045,0.5243179798126221,41.14230728149414,0.48148148148148145,48.148148148148145
01043.mp4,112,672,678,22.4,22.6,5.0,1.138014316558838,-0.32829606533050537,7.041900157928467,0.46525928378105164,50.380184173583984,0.4804938271604938,48.04938271604938
01043.mp4,113,678,684,22.6,22.8,5.0,0.16331790387630463,-0.6143400073051453,7.10675048828125,0.6607986092567444,46.98784637451172,0.49333333333333335,49.333333333333336
01043.mp4,114,684,690,22.8,23.0,5.0,0.7766464352607727,0.20755714178085327,8.066617965698242,1.024983286857605,73.98638153076172,0.5007407407407407,50.07407407407407
01043.mp4,115,690,696,23.0,23.2,5.0,-0.5417031049728394,-0.17060233652591705,7.826525688171387,0.6894209980964661,38.24983215332031,0.4888888888888889,48.888888888888886
01043.mp4,116,696,702,23.2,23.4,5.0,-1.8471531867980957,0.32384800910949707,8.499249458312988,0.6399460434913635,64.8391342163086,0.49037037037037035,49.03703703703704
01043.mp4,117,702,708,23.4,23.6,5.0,0.9669262170791626,-1.8849860429763794,9.053437232971191,2.1828207969665527,74.75223541259766,0.5219753086419753,52.197530864197525
01043.mp4,118,708,714,23.6,23.8,5.0,-0.6780893206596375,-0.7189714908599854,9.048259735107422,1.7387127876281738,41.17848587036133,0.5145679012345679,51.456790123456784
01043.mp4,119,714,720,23.8,24.0,5.0,-1.5319890975952148,0.057495057582855225,8.616262435913086,1.3863824605941772,47.77069854736328,0.5076543209876543,50.76543209876543
01043.mp4,120,720,726,24.0,24.2,5.0,-1.133543848991394,-0.06090952828526497,7.974720478057861,0.33144840598106384,57.33622741699219,0.47555555555555556,47.55555555555556
01043.mp4,121,726,732,24.2,24.4,5.0,-3.534501075744629,-0.5719549655914307,8.173261642456055,0.16921326518058777,58.06826400756836,0.46074074074074073,46.074074074074076
01043.mp4,122,732,738,24.4,24.6,5.0,-2.5800390243530273,-2.283968925476074,6.877534866333008,0.141475647687912,34.68058776855469,0.4498765432098765,44.98765432098765
01043.mp4,123,738,744,24.6,24.8,5.0,-2.8534326553344727,-0.7470803260803223,7.029917240142822,0.3008735477924347,40.67440414428711,0.4533333333333333,45.33333333333333
01043.mp4,124,744,750,24.8,25.0,5.0,-0.9554257988929749,-0.5560033917427063,7.066086769104004,0.2656276822090149,42.426265716552734,0.44246913580246916,44.24691358024692
01043.mp4,125,750,756,25.0,25.2,5.0,-1.1879912614822388,-0.7889271974563599,7.152811050415039,0.2751854956150055,51.7171516418457,0.45135802469135805,45.135802469135804
01043.mp4,126,756,762,25.2,25.4,5.0,0.15388105809688568,0.2874465882778168,6.920469760894775,0.2446816861629486,57.319419860839844,0.45135802469135805,45.135802469135804
01043.mp4,127,762,768,25.4,25.6,5.0,-0.41202884912490845,-1.5071110725402832,7.490320205688477,0.24730105698108673,46.844139099121094,0.43851851851851853,43.851851851851855
01043.mp4,128,768,774,25.6,25.8,5.0,-0.5611602663993835,-1.3694343566894531,6.734646797180176,0.24900639057159424,38.21114730834961,0.44246913580246916,44.24691358024692
01043.mp4,129,774,780,25.8,26.0,5.0,-0.17693334817886353,0.07672646641731262,6.5019049644470215,0.31591078639030457,53.02850341796875,0.45135802469135805,45.135802469135804
01043.mp4,130,780,786,26.0,26.2,5.0,-0.039632100611925125,-1.0716948509216309,6.214136600494385,0.24069367349147797,40.49845504760742,0.425679012345679,42.5679012345679
01043.mp4,131,786,792,26.2,26.4,5.0,0.14136537909507751,-0.41251230239868164,7.186877250671387,0.13975460827350616,57.514957427978516,0.4212345679012346,42.123456790123456
01043.mp4,132,792,798,26.4,26.6,5.0,-0.2513803243637085,-0.9982020258903503,7.229946613311768,0.17614062130451202,44.545413970947266,0.40839506172839507,40.839506172839506
01043.mp4,133,798,804,26.6,26.8,5.0,-0.38386186957359314,-1.0929820537567139,7.510895252227783,0.18495158851146698,57.47605895996094,0.42271604938271606,42.27160493827161
01043.mp4,134,804,810,26.8,27.0,5.0,1.5588713884353638,-0.8263981938362122,7.394559860229492,0.22778721153736115,59.30245590209961,0.43703703703703706,43.7037037037037
01043.mp4,135,810,816,27.0,27.2,5.0,-0.21750344336032867,-0.9299759864807129,8.767598152160645,0.5228487253189087,56.85734558105469,0.4750617283950617,47.50617283950617
01043.mp4,136,816,822,27.2,27.4,5.0,-0.17248600721359253,-1.3962661027908325,8.953025817871094,0.4846471846103668,53.0992317199707,0.4725925925925926,47.25925925925926
01043.mp4,137,822,828,27.4,27.6,5.0,2.0887644290924072,0.7933055758476257,7.309555530548096,1.2807269096374512,42.97172164916992,0.5195061728395062,51.95061728395062
01043.mp4,138,828,834,27.6,27.8,5.0,3.7897863388061523,0.20414038002490997,6.331601142883301,1.4631109237670898,61.42250442504883,0.5254320987654321,52.54320987654321
01043.mp4,139,834,840,27.8,28.0,5.0,3.274030923843384,-1.476460337638855,6.087139129638672,1.518417239189148,46.84629440307617,0.522962962962963,52.2962962962963
01043.mp4,140,840,846,28.0,28.2,5.0,6.0690178871154785,-1.4037353992462158,7.8781538009643555,2.3060920238494873,38.2948112487793,0.5397530864197531,53.9753086419753
01043.mp4,141,846,852,28.2,28.4,5.0,5.153848648071289,0.5320373773574829,7.920781135559082,2.245948076248169,52.9710807800293,0.542716049382716,54.2716049382716
01043.mp4,142,852,858,28.4,28.6,5.0,1.8128727674484253,1.1639244556427002,8.688339233398438,1.2768442630767822,86.62712860107422,0.5130864197530864,51.308641975308646
01043.mp4,143,858,864,28.6,28.8,5.0,1.6729611158370972,0.31816449761390686,6.988526821136475,0.19972404837608337,55.998191833496094,0.4419753086419753,44.19753086419753
01043.mp4,144,864,870,28.8,29.0,5.0,0.9548048377037048,-1.2291873693466187,7.316990852355957,0.08902488648891449,62.83832550048828,0.3837037037037037,38.370370370370374
01043.mp4,145,870,876,29.0,29.2,5.0,1.8708927631378174,-0.8837270736694336,6.500270843505859,0.10576049983501434,51.273250579833984,0.39358024691358023,39.358024691358025
01043.mp4,146,876,882,29.2,29.4,5.0,-2.2151060104370117,0.9045056700706482,5.9749274253845215,0.06386716663837433,54.83692169189453,0.3762962962962963,37.629629629629626
01043.mp4,147,882,888,29.4,29.6,5.0,4.06580924987793,-0.34953901171684265,5.185806751251221,0.0646340474486351,45.623687744140625,0.3891358024691358,38.91358024691358
01043.mp4,148,888,894,29.6,29.8,5.0,1.5254573822021484,0.017807286232709885,4.738604545593262,0.04297900199890137,52.00263977050781,0.34814814814814815,34.81481481481482
01043.mp4,149,894,900,29.8,30.0,5.0,1.7604658603668213,-0.3582272529602051,3.3566768169403076,0.04576494172215462,30.76177406311035,0.3180246913580247,31.80246913580247
01043.mp4,150,900,906,30.0,30.2,5.0,2.1279890537261963,-0.37513116002082825,4.0502543449401855,0.04497847333550453,46.85840606689453,0.3165432098765432,31.654320987654323
01043.mp4,151,906,912,30.2,30.4,5.0,2.019481658935547,-0.7589698433876038,3.662580966949463,0.04444172978401184,41.79978561401367,0.3125925925925926,31.25925925925926
01043.mp4,152,912,918,30.4,30.6,5.0,1.534589409828186,-0.6196752190589905,2.9906649589538574,0.03951532766222954,33.36061477661133,0.3111111111111111,31.11111111111111
01043.mp4,153,918,924,30.6,30.8,5.0,1.9126574993133545,-0.7930447459220886,3.4135749340057373,0.04929172620177269,39.9534912109375,0.32296296296296295,32.2962962962963
01043.mp4,154,924,930,30.8,31.0,5.0,1.847289800643921,-0.935566246509552,3.7081732749938965,0.05683669075369835,50.493858337402344,0.33530864197530863,33.53086419753086
01043.mp4,155,930,936,31.0,31.2,5.0,1.9275354146957397,-0.5579230785369873,3.7548186779022217,0.04893086478114128,57.27181625366211,0.3298765432098765,32.98765432098765
01043.mp4,156,936,942,31.2,31.4,5.0,1.4627805948257446,-0.7325217723846436,4.334432125091553,0.04673243314027786,33.880889892578125,0.3471604938271605,34.71604938271605
01043.mp4,157,942,948,31.4,31.6,5.0,1.5849286317825317,-0.8396161794662476,4.931669235229492,0.08997764438390732,75.59406280517578,0.36691358024691356,36.691358024691354
01043.mp4,158,948,954,31.6,31.8,5.0,1.962182641029358,0.4084547460079193,4.221103191375732,0.0910661444067955,47.717830657958984,0.3797530864197531,37.97530864197531
01043.mp4,159,954,960,31.8,32.0,5.0,1.0728230476379395,0.698076605796814,3.7173376083374023,0.10987705737352371,33.02034378051758,0.39209876543209876,39.20987654320987
01043.mp4,160,960,966,32.0,32.2,5.0,-0.3174324333667755,0.3047947287559509,4.001192092895508,0.13594473898410797,56.58317947387695,0.39111111111111113,39.111111111111114
01043.mp4,161,966,972,32.2,32.4,5.0,-0.337065190076828,-0.12849844992160797,4.490478992462158,0.1574227511882782,51.396881103515625,0.40641975308641975,40.641975308641975
01043.mp4,162,972,978,32.4,32.6,5.0,0.4880012273788452,-0.012893518432974815,4.540102005004883,0.05863240361213684,65.16519927978516,0.36246913580246914,36.24691358024691
01043.mp4,163,978,984,32.6,32.8,5.0,1.685552954673767,1.129226565361023,3.92221736907959,0.054144106805324554,67.43907928466797,0.3358024691358025,33.58024691358025
01043.mp4,164,984,990,32.8,33.0,5.0,-0.3510366678237915,-0.07055377960205078,3.404331922531128,0.046843599528074265,43.50221252441406,0.3362962962962963,33.62962962962963
01043.mp4,165,990,996,33.0,33.2,5.0,0.975845456123352,0.27718451619148254,3.7019271850585938,0.06268510222434998,58.43296432495117,0.35555555555555557,35.55555555555556
01043.mp4,166,996,1002,33.2,33.4,5.0,0.8783700466156006,-0.8357421159744263,4.525331974029541,0.10944247990846634,108.02710723876953,0.374320987654321,37.4320987654321
01043.mp4,167,1002,1008,33.4,33.6,5.0,0.1340937614440918,1.3012505769729614,3.703198194503784,0.09946545213460922,32.28687286376953,0.3817283950617284,38.17283950617284
01043.mp4,168,1008,1014,33.6,33.8,5.0,2.5293378829956055,-0.8002923727035522,4.4267072677612305,0.15861114859580994,40.78074264526367,0.40641975308641975,40.641975308641975
01043.mp4,169,1014,1020,33.8,34.0,5.0,0.07069287449121475,-0.10000057518482208,3.996781349182129,0.12770402431488037,45.467559814453125,0.4054320987654321,40.543209876543216
01043.mp4,170,1020,1026,34.0,34.2,5.0,2.9351205825805664,-0.9444667100906372,5.474565029144287,0.06792410463094711,42.58320999145508,0.36790123456790125,36.79012345679013
01043.mp4,171,1026,1032,34.2,34.4,5.0,3.034245729446411,-1.8725718259811401,5.975852966308594,0.07798533886671066,45.02991485595703,0.388641975308642,38.864197530864196
01043.mp4,172,1032,1038,34.4,34.6,5.0,3.0143253803253174,-0.5174892544746399,5.611618518829346,0.09651346504688263,45.40469741821289,0.37925925925925924,37.925925925925924
01043.mp4,173,1038,1044,34.6,34.8,5.0,2.96183443069458,-0.7741772532463074,5.981953144073486,0.10344355553388596,44.67034149169922,0.36493827160493825,36.49382716049382
01043.mp4,174,1044,1050,34.8,35.0,5.0,-0.678589403629303,0.16293743252754211,4.812445163726807,0.08354860544204712,35.97037124633789,0.36839506172839503,36.839506172839506
01043.mp4,175,1050,1056,35.0,35.2,5.0,-0.29066231846809387,-0.8460241556167603,4.4184980392456055,0.09438776224851608,36.161476135253906,0.3960493827160494,39.60493827160494
01043.mp4,176,1056,1062,35.2,35.4,5.0,0.9116227030754089,-0.26204052567481995,5.403598785400391,0.06669045239686966,35.32858657836914,0.36790123456790125,36.79012345679013
01043.mp4,177,1062,1068,35.4,35.6,5.0,1.5441744327545166,-0.49152615666389465,5.8137407302856445,0.06169375404715538,38.2018928527832,0.3782716049382716,37.82716049382716
01043.mp4,178,1068,1074,35.6,35.8,5.0,2.4973690509796143,-0.5482662916183472,6.719297885894775,0.06797768175601959,44.25850296020508,0.38074074074074077,38.074074074074076
01043.mp4,179,1074,1080,35.8,36.0,5.0,1.3810374736785889,0.33714428544044495,6.1478190422058105,0.05877770856022835,50.91432189941406,0.37135802469135804,37.135802469135804
01043.mp4,180,1080,1086,36.0,36.2,5.0,-1.9761823415756226,-1.1331756114959717,4.033886432647705,0.05440444499254227,40.58399200439453,0.36839506172839503,36.839506172839506
01043.mp4,181,1086,1092,36.2,36.4,5.0,-2.475048780441284,-0.9221214056015015,4.6515703201293945,0.08029180765151978,32.36615753173828,0.39358024691358023,39.358024691358025
01043.mp4,182,1092,1098,36.4,36.6,5.0,2.928823947906494,0.0294725950807333,6.761433124542236,0.10702051222324371,46.52094650268555,0.3995061728395062,39.95061728395062
01043.mp4,183,1098,1104,36.6,36.8,5.0,-1.6248645782470703,-1.1614469289779663,5.525518894195557,0.13936324417591095,36.53321838378906,0.4074074074074074,40.74074074074074
01043.mp4,184,1104,1110,36.8,37.0,5.0,-1.551755666732788,-0.046100351959466934,5.320515155792236,0.13635368645191193,37.550514221191406,0.4054320987654321,40.543209876543216
01043.mp4,185,1110,1116,37.0,37.2,5.0,0.5219350457191467,-1.0426263809204102,5.469963073730469,0.23337583243846893,34.970985412597656,0.4291358024691358,42.91358024691358
01043.mp4,186,1116,1122,37.2,37.4,5.0,-0.9564348459243774,-1.7275906801223755,5.065958023071289,0.3282804787158966,48.42377471923828,0.4553086419753086,45.53086419753086
01043.mp4,187,1122,1128,37.4,37.6,5.0,-0.4155057668685913,-0.01240505650639534,5.95214319229126,0.3173483908176422,51.527687072753906,0.44938271604938274,44.93827160493827
01043.mp4,188,1128,1134,37.6,37.8,5.0,-2.8526861667633057,-0.7214576601982117,5.905069828033447,0.23270197212696075,46.774879455566406,0.4222222222222222,42.22222222222222
01043.mp4,189,1134,1140,37.8,38.0,5.0,0.8870146870613098,-0.6187900304794312,6.255271911621094,0.281724214553833,42.537601470947266,0.4454320987654321,44.54320987654321
01043.mp4,190,1140,1146,38.0,38.2,5.0,0.09669433534145355,0.10553205758333206,5.0961222648620605,0.4553220570087433,34.26824188232422,0.4567901234567901,45.67901234567901
01043.mp4,191,1146,1152,38.2,38.4,5.0,2.5460166931152344,0.0473899245262146,6.804194450378418,0.4041413962841034,37.27297592163086,0.4671604938271605,46.71604938271605
01043.mp4,192,1152,1158,38.4,38.6,5.0,0.9704728722572327,-1.4043962955474854,5.221362113952637,0.40175604820251465,31.118921279907227,0.4651851851851852,46.51851851851852
01043.mp4,193,1158,1164,38.6,38.8,5.0,-2.2118844985961914,0.22399811446666718,5.240960597991943,0.28146278858184814,39.66965103149414,0.4528395061728395,45.28395061728395
01043.mp4,194,1164,1170,38.8,39.0,5.0,0.7378982305526733,-1.3103282451629639,6.50202751159668,0.2639840543270111,41.090545654296875,0.44296296296296295,44.2962962962963
01043.mp4,195,1170,1176,39.0,39.2,5.0,-0.18058502674102783,-1.7277802228927612,5.721340179443359,0.41058656573295593,44.92980194091797,0.4622222222222222,46.22222222222222
01043.mp4,196,1176,1182,39.2,39.4,5.0,1.3881807327270508,-0.47733357548713684,8.576889991760254,0.6249113082885742,47.159175872802734,0.48246913580246914,48.24691358024691
01043.mp4,197,1182,1188,39.4,39.6,5.0,3.1687827110290527,0.3651278614997864,7.12347412109375,1.033690094947815,47.76827621459961,0.5002469135802469,50.02469135802469
01043.mp4,198,1188,1194,39.6,39.8,5.0,0.27862611413002014,-0.2364407479763031,5.945035457611084,0.6271863579750061,51.58979797363281,0.48148148148148145,48.148148148148145
01043.mp4,199,1194,1200,39.8,40.0,5.0,-0.759687602519989,1.026551604270935,4.571796894073486,0.42642053961753845,48.588035583496094,0.4622222222222222,46.22222222222222
01043.mp4,200,1200,1206,40.0,40.2,5.0,0.13341927528381348,0.4147580862045288,3.826079845428467,0.2291584312915802,29.8309383392334,0.42518518518518517,42.51851851851852
