video,pair_idx,time_sec,mean_motion_px,median_motion_px,mean_same_similarity,mean_motion_comp_similarity,mean_similarity_improvement,same_position_reuse_percent,motion_comp_reuse_percent,reuse_gain_percent,mean_dynamic_threshold,corrected_moved_patch_percent
01040.mp4,0,0.2,0.04665089398622513,0.016522806137800217,0.9704135656356812,0.9704135656356812,0.0,97.92592592592592,97.92592592592592,0.0,0.779998242855072,0.0
01040.mp4,1,0.4,0.05890919268131256,0.02032177522778511,0.9711773991584778,0.9711773991584778,0.0,98.27160493827161,98.27160493827161,0.0,0.7793163061141968,0.0
01040.mp4,2,0.6,0.07520157098770142,0.025865035131573677,0.9552865624427795,0.9552865624427795,0.0,97.28395061728395,97.28395061728395,0.0,0.7783884406089783,0.0
01040.mp4,3,0.8,0.060997817665338516,0.022422410547733307,0.9629777669906616,0.9629777669906616,0.0,97.4320987654321,97.4320987654321,0.0,0.7799238562583923,0.0
01040.mp4,4,1.0,0.06916707009077072,0.019059443846344948,0.9699730277061462,0.9699730277061462,0.0,98.07407407407408,98.07407407407408,0.0,0.7778027057647705,0.0
01040.mp4,5,1.2,0.07392830401659012,0.022863371297717094,0.9653250575065613,0.9653250575065613,0.0,97.82716049382717,97.82716049382717,0.0,0.7782026529312134,0.0
01040.mp4,6,1.4,0.09358229488134384,0.02324303798377514,0.9706221222877502,0.9706221222877502,0.0,98.71604938271605,98.71604938271605,0.0,0.7738052606582642,0.0
01040.mp4,7,1.6,0.1353961080312729,0.021518489345908165,0.9712411761283875,0.9712411761283875,0.0,98.51851851851852,98.51851851851852,0.0,0.7688833475112915,0.0
01040.mp4,8,1.8,0.21745090186595917,0.02744866907596588,0.9691857695579529,0.9691857695579529,0.0,98.32098765432099,98.32098765432099,0.0,0.7685553431510925,0.0
01040.mp4,9,2.0,0.2890600562095642,0.02867221087217331,0.9668208956718445,0.9668208956718445,0.0,98.51851851851852,98.51851851851852,0.0,0.7684082984924316,0.0
01040.mp4,10,2.2,0.34596478939056396,0.028031624853610992,0.9599014520645142,0.9599014520645142,0.0,97.82716049382717,97.82716049382717,0.0,0.7661219239234924,0.0
01040.mp4,11,2.4,0.38970503211021423,0.029946383088827133,0.9582038521766663,0.9582038521766663,0.0,96.93827160493828,96.93827160493828,0.0,0.7662919163703918,0.0
01040.mp4,12,2.6,0.8637292385101318,0.1192610040307045,0.9486390948295593,0.9486390948295593,0.0,96.29629629629629,96.29629629629629,0.0,0.7775758504867554,0.0
01040.mp4,13,2.8,0.7597153782844543,0.09248911589384079,0.9507518410682678,0.9507285952568054,-2.3221646188176237e-05,96.29629629629629,96.29629629629629,0.0,0.7761842012405396,0.19753086419753088
01040.mp4,14,3.0,0.568726658821106,0.06701388210058212,0.9487080574035645,0.9487080574035645,0.0,95.7037037037037,95.7037037037037,0.0,0.7713199853897095,0.0
01040.mp4,15,3.2,0.6327627897262573,0.05427301302552223,0.940942108631134,0.9409765601158142,3.444450703682378e-05,94.81481481481482,94.81481481481482,0.0,0.7732232809066772,0.2962962962962963
01040.mp4,16,3.4,0.7073380947113037,0.04941120743751526,0.9302691221237183,0.9293233752250671,-0.0009457031264901161,92.54320987654322,92.49382716049382,-0.049382716049393593,0.7722643613815308,0.9382716049382716
01040.mp4,17,3.6,0.824562132358551,0.044309936463832855,0.937904417514801,0.9359030723571777,-0.0020013470202684402,94.12345679012346,93.77777777777779,-0.3456790123456699,0.7714430093765259,1.580246913580247
01040.mp4,18,3.8,0.8666245937347412,0.033855389803647995,0.9248403310775757,0.9223779439926147,-0.002462367294356227,92.54320987654322,92.19753086419753,-0.3456790123456841,0.7708368301391602,1.9753086419753085
01040.mp4,19,4.0,0.8852613568305969,0.034108538180589676,0.9238738417625427,0.9224680066108704,-0.0014058775268495083,92.24691358024691,91.80246913580247,-0.44444444444444287,0.7695932388305664,2.0246913580246915
01040.mp4,20,4.2,0.9541259407997131,0.029640577733516693,0.910704493522644,0.9096642732620239,-0.0010402086190879345,90.22222222222223,90.17283950617283,-0.049382716049393593,0.7702442407608032,2.271604938271605
01040.mp4,21,4.4,1.1819186210632324,0.02650073729455471,0.9179831147193909,0.9155294895172119,-0.002453605644404888,90.32098765432099,89.67901234567901,-0.6419753086419746,0.7694496512413025,3.45679012345679
01040.mp4,22,4.6,1.1232279539108276,0.02485354244709015,0.9177424311637878,0.9167899489402771,-0.0009525142377242446,91.01234567901234,90.8641975308642,-0.14814814814813815,0.7701146602630615,3.111111111111111
01040.mp4,23,4.8,1.1475402116775513,0.026820071041584015,0.9215548038482666,0.9204061627388,-0.001148634240962565,91.06172839506172,91.11111111111111,0.049382716049393593,0.7687608599662781,3.851851851851852
01040.mp4,24,5.0,0.983253538608551,0.03411557897925377,0.9182801246643066,0.9179209470748901,-0.0003591732238419354,91.35802469135803,91.30864197530865,-0.04938271604937938,0.7715495228767395,1.925925925925926
01040.mp4,25,5.2,1.0967259407043457,0.03411102667450905,0.9093133807182312,0.9082347750663757,-0.0010786675848066807,89.77777777777777,89.48148148148148,-0.2962962962962905,0.7741267085075378,2.617283950617284
01040.mp4,26,5.4,1.1530183553695679,0.04177965596318245,0.9069452881813049,0.9059057235717773,-0.0010395227000117302,88.0,87.80246913580247,-0.19753086419753174,0.7740237712860107,2.7654320987654324
01040.mp4,27,5.6,1.0267075300216675,0.04317203909158707,0.9023666381835938,0.9006530046463013,-0.0017135852249339223,87.20987654320987,86.71604938271605,-0.49382716049382225,0.7716080546379089,3.0617283950617287
01040.mp4,28,5.8,1.0516420602798462,0.04308679327368736,0.8950762152671814,0.8940227627754211,-0.0010534451575949788,86.5679012345679,86.12345679012346,-0.44444444444444287,0.7716715931892395,2.5185185185185186
01040.mp4,29,6.0,1.1934324502944946,0.036670900881290436,0.8988719582557678,0.8981556296348572,-0.0007162993424572051,86.0246913580247,85.97530864197532,-0.04938271604937938,0.770106315612793,3.851851851851852
01040.mp4,30,6.2,1.2423362731933594,0.031086664646863937,0.8924891352653503,0.8925884366035461,9.927702194545418e-05,86.46913580246914,86.5679012345679,0.09876543209875877,0.7708616852760315,4.098765432098765
01040.mp4,31,6.4,1.1807904243469238,0.02773437462747097,0.9051998257637024,0.9049233198165894,-0.000276492239208892,87.90123456790123,87.80246913580247,-0.09876543209875877,0.7701161503791809,3.950617283950617
01040.mp4,32,6.6,1.1807026863098145,0.02986058034002781,0.8967600464820862,0.8972335457801819,0.00047354568960145116,86.71604938271605,86.91358024691358,0.19753086419753174,0.7706324458122253,4.197530864197531
01040.mp4,33,6.8,1.4946584701538086,0.037220027297735214,0.8926181793212891,0.8911290764808655,-0.0014889934100210667,86.22222222222223,85.62962962962963,-0.5925925925925952,0.7695918679237366,5.333333333333334
01040.mp4,34,7.0,1.5185879468917847,0.04036933556199074,0.8788802027702332,0.881046712398529,0.0021664879750460386,83.4567901234568,84.04938271604938,0.592592592592581,0.7728208303451538,5.135802469135802
01040.mp4,35,7.2,1.4343875646591187,0.03719443455338478,0.8845444917678833,0.8858785629272461,0.001334046246483922,84.69135802469135,84.98765432098764,0.2962962962962905,0.770564615726471,5.08641975308642
01040.mp4,36,7.4,1.7513971328735352,0.03886954113841057,0.8800027966499329,0.8815955519676208,0.001592768938280642,83.4567901234568,83.50617283950618,0.04938271604937938,0.7717159986495972,7.061728395061728
01040.mp4,37,7.6,2.186763286590576,0.029397835955023766,0.8887385129928589,0.8875236511230469,-0.0012149045942351222,83.30864197530865,82.81481481481482,-0.49382716049382225,0.7678968906402588,7.555555555555555
01040.mp4,38,7.8,1.7498232126235962,0.023484012112021446,0.8776454925537109,0.8828745484352112,0.005229034461081028,82.81481481481482,83.75308641975309,0.9382716049382651,0.769382894039154,6.518518518518518
01040.mp4,39,8.0,1.4170928001403809,0.019281623885035515,0.8880928158760071,0.8888036012649536,0.0007107351557351649,85.87654320987654,85.58024691358025,-0.2962962962962905,0.768946647644043,5.135802469135802
01040.mp4,40,8.2,1.1542737483978271,0.01721648871898651,0.885621964931488,0.8838573098182678,-0.0017646796768531203,84.24691358024691,83.65432098765432,-0.5925925925925952,0.7690180540084839,4.296296296296296
01040.mp4,41,8.4,1.428644061088562,0.023225970566272736,0.8872711658477783,0.8844924569129944,-0.0027787485159933567,86.5679012345679,86.0246913580247,-0.5432098765432016,0.7696472406387329,4.395061728395062
01040.mp4,42,8.6,1.266545057296753,0.02804931253194809,0.8956142663955688,0.8949655294418335,-0.0006487485952675343,87.25925925925925,87.1111111111111,-0.14814814814815236,0.772352933883667,3.0617283950617287
01040.mp4,43,8.8,1.3368909358978271,0.02503378689289093,0.8913445472717285,0.8912853002548218,-5.9186044381931424e-05,86.91358024691358,86.91358024691358,0.0,0.7727108597755432,1.9753086419753085
01040.mp4,44,9.0,1.3960472345352173,0.01909220591187477,0.8977535367012024,0.8971592783927917,-0.0005942936986684799,86.71604938271605,86.66666666666667,-0.04938271604937938,0.7732145190238953,2.3209876543209877
01040.mp4,45,9.2,1.590275526046753,0.020448438823223114,0.893241822719574,0.8913739323616028,-0.0018678521737456322,85.82716049382717,85.38271604938271,-0.4444444444444571,0.7738165259361267,4.839506172839506
01040.mp4,46,9.4,1.2828902006149292,0.028241895139217377,0.8913514614105225,0.8894485831260681,-0.0019027976086363196,85.28395061728395,84.54320987654322,-0.7407407407407334,0.7736471891403198,3.5555555555555554
01040.mp4,47,9.6,1.0212185382843018,0.027473729103803635,0.8869204521179199,0.8869723081588745,5.182622408028692e-05,83.85185185185186,84.0,0.14814814814813815,0.7718807458877563,2.419753086419753
01040.mp4,48,9.8,1.1735607385635376,0.02651282027363777,0.8858807682991028,0.886837363243103,0.0009566234075464308,84.09876543209876,84.39506172839506,0.2962962962963047,0.7711957693099976,3.2098765432098766
01040.mp4,49,10.0,1.4774127006530762,0.028253069147467613,0.8820158243179321,0.8815745711326599,-0.00044130533933639526,83.7037037037037,83.7037037037037,0.0,0.7721379399299622,5.580246913580247
01040.mp4,50,10.2,2.642618179321289,0.03328414633870125,0.8612726926803589,0.8632379174232483,0.001965167000889778,79.60493827160494,80.74074074074075,1.135802469135811,0.7740062475204468,14.5679012345679
01040.mp4,51,10.4,2.7948944568634033,0.0272475928068161,0.8686447739601135,0.8730297684669495,0.004384939093142748,80.5925925925926,82.76543209876543,2.172839506172835,0.7739303708076477,16.74074074074074
01040.mp4,52,10.6,1.921568512916565,0.023850901052355766,0.871930718421936,0.8760411143302917,0.004110358189791441,82.0246913580247,83.75308641975309,1.728395061728392,0.7726477384567261,8.345679012345679
01040.mp4,53,10.8,1.7769920825958252,0.021847985684871674,0.8751528859138489,0.8788999915122986,0.0037470972165465355,82.12345679012346,83.4074074074074,1.2839506172839492,0.7740512490272522,6.469135802469136
01040.mp4,54,11.0,1.6478254795074463,0.01838298700749874,0.8891369104385376,0.8940275311470032,0.004890649113804102,85.38271604938271,86.86419753086419,1.481481481481481,0.7705432176589966,6.962962962962963
01040.mp4,55,11.2,2.001128911972046,0.019973980262875557,0.8749140501022339,0.8820725083351135,0.007158458232879639,81.72839506172839,84.04938271604938,2.3209876543209873,0.7700759768486023,9.432098765432098
01040.mp4,56,11.4,2.607151508331299,0.022144736722111702,0.8925629258155823,0.9044352769851685,0.01187230460345745,84.19753086419753,87.60493827160494,3.4074074074074048,0.7706459164619446,11.456790123456791
01040.mp4,57,11.6,3.1913087368011475,0.03045758232474327,0.8787978887557983,0.8827415108680725,0.003943546675145626,81.4320987654321,82.81481481481482,1.3827160493827222,0.7718256711959839,12.395061728395062
01040.mp4,58,11.8,3.7314014434814453,0.046382591128349304,0.8686583638191223,0.877460241317749,0.008801821619272232,79.60493827160494,81.82716049382715,2.2222222222222143,0.7739783525466919,20.098765432098766
01040.mp4,59,12.0,4.946081638336182,0.10947159677743912,0.8625129461288452,0.8755462765693665,0.013033289462327957,78.12345679012346,80.88888888888889,2.76543209876543,0.7745755910873413,25.432098765432098
01040.mp4,60,12.2,5.311706066131592,0.13744471967220306,0.8387148380279541,0.8493534326553345,0.010638547129929066,72.5925925925926,76.39506172839506,3.8024691358024683,0.7764590978622437,27.30864197530864
01040.mp4,61,12.4,4.851850986480713,0.14557284116744995,0.8317257761955261,0.8421667814254761,0.010440916754305363,71.75308641975309,74.66666666666667,2.9135802469135825,0.7766306400299072,25.876543209876544
01040.mp4,62,12.6,3.6420814990997314,0.0676426813006401,0.8222169280052185,0.8313838243484497,0.009166869334876537,71.80246913580247,74.66666666666667,2.864197530864203,0.7731746435165405,19.160493827160494
01040.mp4,63,12.8,3.3590986728668213,0.03417579084634781,0.8391759395599365,0.8455613255500793,0.006385322660207748,75.60493827160494,77.62962962962962,2.0246913580246826,0.772564172744751,16.691358024691358
01040.mp4,64,13.0,2.8237698078155518,0.020550811663269997,0.884159505367279,0.8908034563064575,0.006643949542194605,85.08641975308642,86.76543209876543,1.6790123456790127,0.7708186507225037,14.419753086419753
01040.mp4,65,13.2,2.9882700443267822,0.019167955964803696,0.8667621612548828,0.8751269578933716,0.008364768698811531,80.54320987654322,83.1604938271605,2.617283950617278,0.770175576210022,14.024691358024691
01040.mp4,66,13.4,3.159550905227661,0.02326732873916626,0.8511123061180115,0.8615713119506836,0.010459008626639843,74.96296296296296,77.9753086419753,3.0123456790123413,0.7723951935768127,16.790123456790123
01040.mp4,67,13.6,2.5360002517700195,0.01637527532875538,0.8295072913169861,0.8359203338623047,0.00641298433765769,73.48148148148148,75.75308641975309,2.271604938271608,0.7710645794868469,14.222222222222221
01040.mp4,68,13.8,2.257108688354492,0.013794240541756153,0.8264302611351013,0.8349601030349731,0.008529776707291603,73.28395061728395,76.39506172839506,3.1111111111111143,0.770232617855072,13.037037037037036
01040.mp4,69,14.0,2.8008670806884766,0.018270567059516907,0.840672492980957,0.8481295704841614,0.007457120344042778,74.66666666666667,77.9753086419753,3.308641975308632,0.7712691426277161,14.666666666666666
01040.mp4,70,14.2,3.349628448486328,0.012286992743611336,0.8642847537994385,0.8740318417549133,0.009747096337378025,80.0,83.11111111111111,3.1111111111111143,0.7718179821968079,18.123456790123456
01040.mp4,71,14.4,3.9764065742492676,0.007602035533636808,0.8703798651695251,0.8771801590919495,0.006800311151891947,80.88888888888889,83.01234567901234,2.1234567901234556,0.7719088792800903,19.358024691358025
01040.mp4,72,14.6,3.304530382156372,0.006517879664897919,0.8762834668159485,0.8810244798660278,0.004741014912724495,82.46913580246914,84.64197530864197,2.172839506172835,0.7694103121757507,15.555555555555555
01040.mp4,73,14.8,3.895524024963379,0.0079741720110178,0.882793664932251,0.8819293975830078,-0.0008642987231723964,83.4074074074074,83.06172839506173,-0.3456790123456699,0.7690898180007935,17.333333333333336
01040.mp4,74,15.0,3.8700520992279053,0.006393852178007364,0.8880584239959717,0.8895683884620667,0.0015099741285666823,84.39506172839506,85.1358024691358,0.7407407407407334,0.7683932781219482,16.049382716049383
01040.mp4,75,15.2,2.8206844329833984,0.006091168615967035,0.8809652328491211,0.8844579458236694,0.0034927271772176027,82.71604938271605,83.4567901234568,0.7407407407407476,0.7695642709732056,12.641975308641976
01040.mp4,76,15.4,2.400721788406372,0.005707475356757641,0.8823156356811523,0.8854327201843262,0.0031170526053756475,84.5925925925926,85.28395061728395,0.691358024691354,0.771101176738739,11.407407407407408
01040.mp4,77,15.6,1.9167401790618896,0.005176382139325142,0.8811323046684265,0.8837738633155823,0.0026415344327688217,83.4074074074074,84.0,0.5925925925925952,0.769764244556427,7.901234567901234
01040.mp4,78,15.8,2.7063722610473633,0.0054865567944943905,0.8634229898452759,0.8680710196495056,0.0046480875462293625,79.4074074074074,80.88888888888889,1.481481481481481,0.770605206489563,12.987654320987655
01040.mp4,79,16.0,2.6278653144836426,0.006929808296263218,0.8572465777397156,0.8606603741645813,0.0034137561451643705,78.5679012345679,79.35802469135803,0.790123456790127,0.7708797454833984,12.88888888888889
01040.mp4,80,16.2,2.6950602531433105,0.01031225360929966,0.841137170791626,0.8449985384941101,0.0038614096119999886,75.25925925925925,77.18518518518519,1.925925925925938,0.771243155002594,14.864197530864198
01040.mp4,81,16.4,3.2922651767730713,0.011207181960344315,0.82713383436203,0.8305118083953857,0.0033779051154851913,71.25925925925925,72.24691358024693,0.9876543209876729,0.7722164392471313,16.88888888888889
01040.mp4,82,16.6,3.9141058921813965,0.013728495687246323,0.8413987755775452,0.8524535894393921,0.011054852977395058,74.17283950617283,77.28395061728395,3.1111111111111143,0.773222029209137,19.80246913580247
01040.mp4,83,16.8,4.514772891998291,0.02803226187825203,0.8599494695663452,0.8724974393844604,0.012547974474728107,79.25925925925927,82.91358024691358,3.654320987654316,0.7724345326423645,20.049382716049383
01040.mp4,84,17.0,4.342548370361328,0.0515812449157238,0.8585305213928223,0.870360255241394,0.011829758062958717,78.5679012345679,81.58024691358024,3.0123456790123413,0.7722312808036804,19.753086419753085
01040.mp4,85,17.2,4.686954021453857,0.07868542522192001,0.8532124757766724,0.8674018383026123,0.014189441688358784,77.67901234567901,81.48148148148148,3.8024691358024683,0.7724313139915466,19.061728395061728
01040.mp4,86,17.4,4.364797592163086,0.10313432663679123,0.8306212425231934,0.8397120833396912,0.009090868756175041,72.8395061728395,74.91358024691358,2.074074074074076,0.7744712829589844,19.25925925925926
01040.mp4,87,17.6,3.663330554962158,0.12240400165319443,0.7892278432846069,0.797008216381073,0.007780387066304684,64.44444444444444,66.41975308641975,1.9753086419753032,0.7739048004150391,19.308641975308642
01040.mp4,88,17.8,3.588432788848877,0.08709670603275299,0.8022713661193848,0.8087027072906494,0.006431303918361664,67.85185185185185,70.32098765432099,2.4691358024691397,0.7718815207481384,16.59259259259259
01040.mp4,89,18.0,3.592233657836914,0.029551735147833824,0.8387013077735901,0.8440498113632202,0.005348566919565201,75.50617283950616,76.93827160493827,1.4320987654321016,0.7700226902961731,14.024691358024691
01040.mp4,90,18.2,3.329329490661621,0.014904671348631382,0.848109781742096,0.8549785614013672,0.006868797354400158,77.72839506172839,79.50617283950618,1.7777777777777857,0.7710741758346558,15.308641975308642
01040.mp4,91,18.4,3.1613054275512695,0.00975863914936781,0.8561753034591675,0.8668529391288757,0.010677656158804893,76.79012345679013,80.44444444444444,3.654320987654316,0.7721458673477173,15.358024691358024
01040.mp4,92,18.6,2.8855531215667725,0.00942117627710104,0.8645661473274231,0.8746649026870728,0.01009878609329462,79.60493827160494,82.61728395061728,3.0123456790123413,0.770697832107544,15.45679012345679
01040.mp4,93,18.8,2.6301496028900146,0.008736523799598217,0.8759676814079285,0.884864866733551,0.008897155523300171,82.76543209876543,85.4320987654321,2.6666666666666714,0.7719878554344177,16.19753086419753
01040.mp4,94,19.0,2.646969795227051,0.009649768471717834,0.8775539994239807,0.8822682499885559,0.004714256152510643,82.0246913580247,83.65432098765432,1.629629629629619,0.7705641984939575,15.259259259259258
01040.mp4,95,19.2,3.161702871322632,0.011625953949987888,0.8701533675193787,0.8812837600708008,0.011130369268357754,80.79012345679011,84.44444444444444,3.65432098765433,0.7715959548950195,18.864197530864196
01040.mp4,96,19.4,3.440784454345703,0.01202919241040945,0.8793483972549438,0.8844172358512878,0.0050688255578279495,83.1604938271605,85.23456790123457,2.074074074074076,0.7735488414764404,18.271604938271604
01040.mp4,97,19.6,4.182425498962402,0.01074314210563898,0.869656503200531,0.8827768564224243,0.013120418414473534,80.54320987654322,83.25925925925925,2.7160493827160366,0.774272620677948,22.37037037037037
01040.mp4,98,19.8,4.07151985168457,0.011440075002610683,0.8769829869270325,0.8896512389183044,0.012668216601014137,81.33333333333333,85.62962962962963,4.296296296296305,0.7738446593284607,22.666666666666664
01040.mp4,99,20.0,4.531518936157227,0.012753247283399105,0.8680294156074524,0.8840644955635071,0.016035029664635658,79.45679012345678,84.24691358024691,4.790123456790127,0.7747086882591248,25.382716049382715
01040.mp4,100,20.2,4.266801834106445,0.018428253009915352,0.8664134740829468,0.8886586427688599,0.022245094180107117,79.60493827160494,86.5679012345679,6.962962962962962,0.7745383381843567,24.592592592592595
01040.mp4,101,20.4,4.484192848205566,0.0202065110206604,0.8618060350418091,0.8832030296325684,0.021396977826952934,78.37037037037037,84.39506172839506,6.024691358024697,0.7749640941619873,25.333333333333336
01040.mp4,102,20.6,4.646277904510498,0.02134881541132927,0.8567138910293579,0.8818060159683228,0.025092151015996933,76.93827160493827,83.4567901234568,6.518518518518533,0.775574803352356,26.51851851851852
01040.mp4,103,20.8,4.854227066040039,0.02445078454911709,0.8587626814842224,0.8834031224250793,0.024640541523694992,78.66666666666666,84.49382716049382,5.827160493827165,0.7750356793403625,26.024691358024693
01040.mp4,104,21.0,5.040215969085693,0.028406426310539246,0.846234917640686,0.8708412051200867,0.024606293067336082,76.04938271604938,82.07407407407408,6.024691358024697,0.7746033668518066,25.432098765432098
01040.mp4,105,21.2,4.318370342254639,0.031366124749183655,0.852512538433075,0.873370885848999,0.020858390256762505,76.49382716049384,82.41975308641976,5.925925925925924,0.7735083699226379,21.925925925925927
01040.mp4,106,21.4,3.91469144821167,0.03286437317728996,0.8418340086936951,0.8608008027076721,0.018966777250170708,74.71604938271605,80.34567901234568,5.629629629629633,0.775307297706604,22.37037037037037
01040.mp4,107,21.6,3.4104301929473877,0.028831344097852707,0.847449541091919,0.8592740893363953,0.011824464425444603,75.80246913580247,79.06172839506172,3.2592592592592524,0.7748048305511475,21.382716049382715
01040.mp4,108,21.8,2.7531838417053223,0.016753623262047768,0.8708913326263428,0.8786421418190002,0.007750850170850754,81.08641975308643,83.4567901234568,2.3703703703703667,0.7714247107505798,11.456790123456791
01040.mp4,109,22.0,2.6784322261810303,0.014170810580253601,0.8704021573066711,0.8756242990493774,0.005222187377512455,81.67901234567901,82.86419753086419,1.1851851851851762,0.770717978477478,9.728395061728396
01040.mp4,110,22.2,2.036121129989624,0.014163420535624027,0.8719773888587952,0.8754926919937134,0.003515267511829734,81.77777777777779,82.81481481481482,1.037037037037038,0.7720522880554199,6.469135802469136
01040.mp4,111,22.4,2.3693504333496094,0.01228238269686699,0.8646200895309448,0.8693098425865173,0.004689735360443592,79.90123456790124,81.87654320987654,1.9753086419753032,0.7706344723701477,14.320987654320987
01040.mp4,112,22.6,2.5573291778564453,0.011977621354162693,0.8606671690940857,0.8707557320594788,0.010088550858199596,79.80246913580247,83.75308641975309,3.9506172839506206,0.7692770957946777,15.06172839506173
01040.mp4,113,22.8,3.166257619857788,0.012041864916682243,0.8676489591598511,0.8811039924621582,0.013455048203468323,80.19753086419753,85.38271604938271,5.185185185185176,0.7706517577171326,19.407407407407405
01040.mp4,114,23.0,3.1437816619873047,0.012408980168402195,0.878399670124054,0.8878036737442017,0.009404096752405167,83.35802469135803,87.20987654320987,3.8518518518518476,0.7711683511734009,18.320987654320987
01040.mp4,115,23.2,2.5279741287231445,0.01644018106162548,0.8821612596511841,0.8859166502952576,0.003755343845114112,85.33333333333334,86.66666666666667,1.3333333333333286,0.7713515162467957,12.641975308641976
01040.mp4,116,23.4,2.361501932144165,0.019352005794644356,0.8990203142166138,0.9031205177307129,0.004100326914340258,87.1111111111111,88.8395061728395,1.7283950617284063,0.7706342935562134,10.271604938271604
01040.mp4,117,23.6,2.2707574367523193,0.017682606354355812,0.8884127736091614,0.889156699180603,0.0007439088658429682,84.98765432098764,85.23456790123457,0.24691358024692533,0.7699934840202332,10.222222222222223
01040.mp4,118,23.8,2.510232925415039,0.017253516241908073,0.8750317096710205,0.8802566528320312,0.005224976688623428,82.41975308641976,84.29629629629629,1.8765432098765302,0.7709835767745972,15.06172839506173
01040.mp4,119,24.0,2.6782007217407227,0.016816889867186546,0.8778918385505676,0.8854459524154663,0.007554162293672562,83.06172839506173,85.72839506172839,2.666666666666657,0.7705947756767273,16.74074074074074
01040.mp4,120,24.2,2.7830522060394287,0.013324973173439503,0.8702905774116516,0.8796266317367554,0.009336061775684357,80.54320987654322,84.5925925925926,4.049382716049379,0.7715053558349609,18.320987654320987
01040.mp4,121,24.4,2.9280197620391846,0.009315098635852337,0.8676895499229431,0.873222291469574,0.0055327932350337505,80.14814814814815,82.81481481481482,2.6666666666666714,0.7718206644058228,19.80246913580247
01040.mp4,122,24.6,3.021751642227173,0.008581122383475304,0.8794534802436829,0.8873013257980347,0.007847804576158524,82.96296296296296,85.77777777777777,2.8148148148148096,0.7719210386276245,18.91358024691358
01040.mp4,123,24.8,3.02892804145813,0.00849330797791481,0.8910281658172607,0.8936308026313782,0.0026026605628430843,84.98765432098764,86.86419753086419,1.8765432098765444,0.7718752026557922,16.790123456790123
01040.mp4,124,25.0,2.800694704055786,0.011802809312939644,0.8991335034370422,0.9024930000305176,0.0033595035783946514,86.96296296296296,88.8395061728395,1.8765432098765444,0.771985650062561,11.950617283950617
01040.mp4,125,25.2,2.663609504699707,0.009690982289612293,0.8946899175643921,0.8985228538513184,0.003832943271845579,86.66666666666667,88.5432098765432,1.8765432098765302,0.7694269418716431,9.975308641975309
01040.mp4,126,25.4,2.403434991836548,0.009582307189702988,0.9111924171447754,0.9125957489013672,0.001403354573994875,89.67901234567901,90.41975308641975,0.7407407407407334,0.7684442400932312,9.135802469135802
01040.mp4,127,25.6,1.8581784963607788,0.008942509070038795,0.9026204943656921,0.9058166742324829,0.0031961710192263126,88.04938271604938,89.03703703703704,0.9876543209876587,0.7681478261947632,6.864197530864198
01040.mp4,128,25.8,1.3620212078094482,0.010291379876434803,0.9153514504432678,0.916572093963623,0.0012205875245854259,90.71604938271605,91.25925925925927,0.5432098765432158,0.7679941058158875,5.62962962962963
01040.mp4,129,26.0,1.1519287824630737,0.01089125033468008,0.9217732548713684,0.9214366674423218,-0.0003365905722603202,91.90123456790124,92.0,0.09876543209875877,0.7679465413093567,4.54320987654321
01040.mp4,130,26.2,1.1128708124160767,0.012263935059309006,0.922904372215271,0.9248170852661133,0.0019127525156363845,92.44444444444444,93.18518518518518,0.7407407407407334,0.7682003378868103,3.753086419753086
01040.mp4,131,26.4,0.9657303094863892,0.015071270056068897,0.9325639009475708,0.9339009523391724,0.0013370504602789879,94.27160493827161,94.5679012345679,0.2962962962962905,0.7699047327041626,2.7654320987654324
01040.mp4,132,26.6,0.8340852856636047,0.016115793958306313,0.9342958927154541,0.9345793128013611,0.0002834222395904362,93.72839506172839,93.87654320987654,0.14814814814815236,0.7697569727897644,1.925925925925926
01040.mp4,133,26.8,0.8384672403335571,0.015103310346603394,0.9373778104782104,0.9373759031295776,-1.8885106101151905e-06,94.17283950617283,94.12345679012346,-0.04938271604937938,0.7699798941612244,1.5308641975308643
01040.mp4,134,27.0,0.6735880970954895,0.017265697941184044,0.9474857449531555,0.9476099014282227,0.00012414540105964988,96.39506172839506,96.44444444444444,0.04938271604937938,0.7688550353050232,0.7407407407407408
01040.mp4,135,27.2,0.5167351365089417,0.016060171648859978,0.9370753765106201,0.9370753765106201,0.0,95.1604938271605,95.1604938271605,0.0,0.7697954177856445,0.0
01040.mp4,136,27.4,0.6276182532310486,0.016956975683569908,0.9497323632240295,0.9500177502632141,0.0002853049663826823,96.24691358024691,96.39506172839506,0.14814814814815236,0.7705145478248596,0.9382716049382716
01040.mp4,137,27.6,0.5278135538101196,0.019202766939997673,0.9519223570823669,0.9524319767951965,0.0005095780943520367,96.54320987654322,96.88888888888889,0.3456790123456699,0.7706104516983032,1.2839506172839505
01040.mp4,138,27.8,0.388284295797348,0.01625675894320011,0.9573554992675781,0.9577739238739014,0.0004183960263617337,96.69135802469135,96.88888888888889,0.19753086419753174,0.7714055180549622,0.6913580246913581
01040.mp4,139,28.0,0.2283288985490799,0.01250565703958273,0.9545642137527466,0.9546254277229309,6.123460480012e-05,96.24691358024691,96.34567901234567,0.09876543209875877,0.7714529633522034,0.2962962962962963
01040.mp4,140,28.2,0.23224537074565887,0.012811684980988503,0.9558751583099365,0.9560410380363464,0.00016591271560173482,96.54320987654322,96.64197530864197,0.09876543209875877,0.7746935486793518,0.8888888888888888
01040.mp4,141,28.4,0.36507758498191833,0.011793983168900013,0.9535154700279236,0.9540340900421143,0.0005186627386137843,96.34567901234567,96.5925925925926,0.24691358024692533,0.7760800123214722,0.8395061728395061
01040.mp4,142,28.6,0.20447778701782227,0.011108365841209888,0.9575419425964355,0.9579545259475708,0.0004125349805690348,96.14814814814815,96.34567901234567,0.19753086419751753,0.7759851813316345,0.49382716049382713
01040.mp4,143,28.8,0.2608030140399933,0.010196850635111332,0.9606162905693054,0.9610637426376343,0.00044741580495610833,96.8395061728395,97.08641975308642,0.24691358024691112,0.7755266427993774,1.1358024691358024
01040.mp4,144,29.0,0.3479738235473633,0.009302644990384579,0.9619784951210022,0.9620456099510193,6.70725348754786e-05,96.79012345679013,96.88888888888889,0.09876543209875877,0.7734216451644897,1.6296296296296295
01040.mp4,145,29.2,0.31568455696105957,0.011324821971356869,0.9579409956932068,0.958050549030304,0.00010954126628348604,96.8395061728395,96.74074074074073,-0.09876543209877298,0.7759733200073242,1.1851851851851851
01040.mp4,146,29.4,0.29995349049568176,0.009616461582481861,0.9611010551452637,0.9614940285682678,0.00039298119372688234,96.54320987654322,96.54320987654322,0.0,0.7735039591789246,0.9876543209876543
01040.mp4,147,29.6,0.28026458621025085,0.008870203047990799,0.9603949785232544,0.9607254266738892,0.00033046037424355745,96.74074074074073,96.98765432098766,0.24691358024692533,0.7745251059532166,1.037037037037037
01040.mp4,148,29.8,0.14336106181144714,0.008799923583865166,0.9631142616271973,0.9631997346878052,8.549472113372758e-05,97.38271604938271,97.4320987654321,0.049382716049393593,0.7746270298957825,0.19753086419753088
01040.mp4,149,30.0,0.10437177121639252,0.008843953721225262,0.9589573740959167,0.9589573740959167,0.0,96.69135802469135,96.69135802469135,0.0,0.7742117047309875,0.0
01040.mp4,150,30.2,0.13494469225406647,0.01088581420481205,0.9583736062049866,0.9587186574935913,0.00034504011273384094,97.1358024691358,97.23456790123457,0.09876543209877298,0.775522768497467,0.24691358024691357
01040.mp4,151,30.4,0.12370842695236206,0.009618121199309826,0.9609959721565247,0.9612852334976196,0.0002891666954383254,97.53086419753086,97.53086419753086,0.0,0.7750711441040039,0.34567901234567905
01040.mp4,152,30.6,0.11406765878200531,0.008748707361519337,0.9694383144378662,0.969557523727417,0.00011923634156119078,98.0246913580247,98.0246913580247,0.0,0.7753526568412781,0.39506172839506176
01040.mp4,153,30.8,0.08892752975225449,0.00924327876418829,0.9646634459495544,0.9646634459495544,0.0,97.92592592592592,97.92592592592592,0.0,0.7742613554000854,0.0
01040.mp4,154,31.0,0.07812955975532532,0.00979384034872055,0.963695228099823,0.963695228099823,0.0,97.72839506172839,97.72839506172839,0.0,0.7760868668556213,0.0
01040.mp4,155,31.2,0.08308164775371552,0.010912388563156128,0.9563443064689636,0.9563443064689636,0.0,96.74074074074073,96.74074074074073,0.0,0.7753086686134338,0.0
01040.mp4,156,31.4,0.06949716061353683,0.008782216347754002,0.9637711048126221,0.9637711048126221,0.0,97.53086419753086,97.53086419753086,0.0,0.7749883532524109,0.0
01040.mp4,157,31.6,0.07842081785202026,0.008794565685093403,0.9618639349937439,0.9618322253227234,-3.169518822687678e-05,97.18518518518519,97.18518518518519,0.0,0.7750086188316345,0.09876543209876544
01040.mp4,158,31.8,0.07128151506185532,0.008911289274692535,0.965793788433075,0.965793788433075,0.0,97.92592592592592,97.92592592592592,0.0,0.7751932740211487,0.0
01040.mp4,159,32.0,0.11010221391916275,0.008420809172093868,0.9667336940765381,0.9668442606925964,0.00011061521217925474,97.92592592592592,97.97530864197532,0.049382716049393593,0.7749462127685547,0.39506172839506176
01040.mp4,160,32.2,0.08942192047834396,0.01036167610436678,0.9567347168922424,0.9567347168922424,0.0,96.64197530864197,96.64197530864197,0.0,0.7760072350502014,0.0
01040.mp4,161,32.4,0.14526276290416718,0.00902254693210125,0.9661951661109924,0.9661954045295715,2.0409807177657058e-07,97.53086419753086,97.4320987654321,-0.09876543209875877,0.7745792865753174,0.4444444444444444
01040.mp4,162,32.6,0.17997297644615173,0.009452973492443562,0.9627766013145447,0.9629892706871033,0.00021267587726470083,97.18518518518519,97.28395061728395,0.09876543209875877,0.7748098969459534,0.5925925925925926
01040.mp4,163,32.8,0.10306143015623093,0.010014042258262634,0.9597525000572205,0.9597525000572205,0.0,96.88888888888889,96.88888888888889,0.0,0.773536741733551,0.0
01040.mp4,164,33.0,0.11582809686660767,0.009096688590943813,0.9614899754524231,0.9614726901054382,-1.7329999536741525e-05,97.92592592592592,97.92592592592592,0.0,0.7747522592544556,0.19753086419753088
01040.mp4,165,33.2,0.13023154437541962,0.011001593433320522,0.9579274654388428,0.9581681489944458,0.00024074595421552658,97.08641975308642,97.28395061728395,0.19753086419753174,0.7751889824867249,0.24691358024691357
01040.mp4,166,33.4,0.09191698580980301,0.012575525790452957,0.9529136419296265,0.9529136419296265,0.0,96.19753086419753,96.19753086419753,0.0,0.7752937078475952,0.0
01040.mp4,167,33.6,0.09643831849098206,0.009014260023832321,0.9629701972007751,0.9631162881851196,0.000146012069308199,97.58024691358025,97.62962962962963,0.04938271604937938,0.7743164896965027,0.14814814814814814
01040.mp4,168,33.8,0.11065981537103653,0.009048008359968662,0.9620836973190308,0.962083101272583,-5.771495921180758e-07,97.08641975308642,97.03703703703704,-0.04938271604937938,0.7746825814247131,0.14814814814814814
01040.mp4,169,34.0,0.09559711068868637,0.009071593172848225,0.9613131880760193,0.9613131880760193,0.0,97.1358024691358,97.1358024691358,0.0,0.7747102379798889,0.0
01040.mp4,170,34.2,0.10484687983989716,0.01090640015900135,0.9550899863243103,0.9550899863243103,0.0,96.64197530864197,96.64197530864197,0.0,0.7747061252593994,0.0
01040.mp4,171,34.4,0.1690959334373474,0.00909356214106083,0.9617081880569458,0.9616967439651489,-1.14530694190762e-05,97.08641975308642,97.1358024691358,0.04938271604937938,0.7742941975593567,0.5432098765432098
01040.mp4,172,34.6,0.18270517885684967,0.00888998992741108,0.9603050351142883,0.9605928659439087,0.0002878619416151196,96.5925925925926,96.69135802469135,0.09876543209875877,0.7740639448165894,0.39506172839506176
01040.mp4,173,34.8,0.08142384886741638,0.00864643044769764,0.9645781517028809,0.9645781517028809,0.0,97.33333333333334,97.33333333333334,0.0,0.7756067514419556,0.0
01040.mp4,174,35.0,0.0963696762919426,0.009763050824403763,0.9584872722625732,0.9584872722625732,0.0,96.74074074074073,96.74074074074073,0.0,0.775349497795105,0.0
01040.mp4,175,35.2,0.12028362601995468,0.011259987019002438,0.9566913843154907,0.9566913843154907,0.0,96.44444444444444,96.44444444444444,0.0,0.7750927209854126,0.0
01040.mp4,176,35.4,0.10633575916290283,0.008755406364798546,0.9605365991592407,0.9605365991592407,0.0,97.08641975308642,97.08641975308642,0.0,0.7736551761627197,0.0
01040.mp4,177,35.6,0.10195580869913101,0.00798503402620554,0.9630293846130371,0.9630293846130371,0.0,97.28395061728395,97.28395061728395,0.0,0.7740293741226196,0.0
01040.mp4,178,35.8,0.08998490124940872,0.008316812105476856,0.963098406791687,0.963098406791687,0.0,97.03703703703704,97.03703703703704,0.0,0.7747122049331665,0.0
01040.mp4,179,36.0,0.1673417091369629,0.007753181736916304,0.9607670903205872,0.96102374792099,0.00025669069145806134,97.23456790123457,97.38271604938271,0.14814814814813815,0.773486316204071,0.49382716049382713
01040.mp4,180,36.2,0.09660359472036362,0.010154616087675095,0.9442610740661621,0.9442610740661621,0.0,95.85185185185185,95.85185185185185,0.0,0.7739372253417969,0.0
01040.mp4,181,36.4,0.09293414652347565,0.007941551506519318,0.958380937576294,0.958380937576294,0.0,97.18518518518519,97.18518518518519,0.0,0.7729843258857727,0.0
01040.mp4,182,36.6,0.11353925615549088,0.006891390308737755,0.9570066332817078,0.9570419788360596,3.5294662666274235e-05,96.39506172839506,96.39506172839506,0.0,0.7730563879013062,0.04938271604938272
01040.mp4,183,36.8,0.1163608580827713,0.00865794438868761,0.959999144077301,0.959999144077301,0.0,96.88888888888889,96.88888888888889,0.0,0.7739961743354797,0.0
01040.mp4,184,37.0,0.13827629387378693,0.008455488830804825,0.960669219493866,0.960564136505127,-0.00010515872418181971,96.74074074074073,96.69135802469135,-0.04938271604937938,0.7738686800003052,0.09876543209876544
01040.mp4,185,37.2,0.0993010476231575,0.008871514350175858,0.9577964544296265,0.9577964544296265,0.0,96.79012345679013,96.79012345679013,0.0,0.774776816368103,0.0
01040.mp4,186,37.4,0.10668440163135529,0.011355920694768429,0.9520240426063538,0.9520240426063538,0.0,96.24691358024691,96.24691358024691,0.0,0.7742345333099365,0.0
01040.mp4,187,37.6,0.1051175519824028,0.008229710161685944,0.962190568447113,0.962190568447113,0.0,97.62962962962963,97.62962962962963,0.0,0.7748644948005676,0.0
01040.mp4,188,37.8,0.09003389626741409,0.008290003053843975,0.9569218754768372,0.9569218754768372,0.0,96.64197530864197,96.64197530864197,0.0,0.7740941047668457,0.0
01040.mp4,189,38.0,0.09534989297389984,0.008198925293982029,0.9578019976615906,0.9578019976615906,0.0,96.8395061728395,96.8395061728395,0.0,0.7739781737327576,0.0
01040.mp4,190,38.2,0.09217730164527893,0.008677415549755096,0.9555162787437439,0.9555162787437439,0.0,96.49382716049382,96.49382716049382,0.0,0.7745918035507202,0.0
01040.mp4,191,38.4,0.10397936403751373,0.010159796103835106,0.9523653388023376,0.9523653388023376,0.0,95.9506172839506,95.9506172839506,0.0,0.773841917514801,0.0
01040.mp4,192,38.6,0.07770954072475433,0.007455502636730671,0.9634857177734375,0.9634857177734375,0.0,97.23456790123457,97.23456790123457,0.0,0.7748827934265137,0.0
01040.mp4,193,38.8,0.1477096825838089,0.008546635508537292,0.9609911441802979,0.961043119430542,5.193713150219992e-05,97.1358024691358,97.1358024691358,0.0,0.7732719779014587,0.4444444444444444
01040.mp4,194,39.0,0.09255357831716537,0.008012191392481327,0.9610600471496582,0.9610600471496582,0.0,96.64197530864197,96.64197530864197,0.0,0.7737613320350647,0.0
01040.mp4,195,39.2,0.09194439649581909,0.007722411770373583,0.9575578570365906,0.9575578570365906,0.0,96.5925925925926,96.5925925925926,0.0,0.7738561034202576,0.0
01041.mp4,0,0.2,10.298102378845215,6.056821346282959,0.7850618362426758,0.8117613196372986,0.026699546724557877,60.98765432098765,66.66666666666666,5.679012345679006,0.7829545736312866,42.5679012345679
01041.mp4,1,0.4,9.047598838806152,4.920295715332031,0.7711776494979858,0.7799189686775208,0.008741293102502823,59.1604938271605,61.72839506172839,2.5679012345678913,0.7806252241134644,37.58024691358025
01041.mp4,2,0.6,5.964755535125732,3.2967398166656494,0.7809709906578064,0.7943901419639587,0.013419132679700851,60.79012345679013,63.65432098765432,2.864197530864196,0.7836349010467529,30.17283950617284
01041.mp4,3,0.8,6.346878528594971,2.9353137016296387,0.789394736289978,0.8054022192955017,0.0160074345767498,63.160493827160494,67.35802469135803,4.197530864197532,0.779964029788971,28.938271604938272
01041.mp4,4,1.0,6.391005992889404,2.403893232345581,0.8008151054382324,0.8155062794685364,0.014691201969981194,65.82716049382717,69.38271604938272,3.555555555555557,0.7785930037498474,28.69135802469136
01041.mp4,5,1.2,5.607667922973633,1.4011564254760742,0.8160967826843262,0.8337991833686829,0.017702456563711166,67.55555555555556,72.34567901234567,4.790123456790113,0.7778939008712769,24.74074074074074
01041.mp4,6,1.4,5.431366920471191,0.5981102585792542,0.8245165348052979,0.8501129150390625,0.02559638023376465,69.33333333333334,76.24691358024691,6.913580246913568,0.7777916193008423,29.333333333333332
01041.mp4,7,1.6,5.301033973693848,0.7461701035499573,0.8232957124710083,0.8464234471321106,0.02312770113348961,69.4320987654321,76.14814814814815,6.716049382716051,0.7763574123382568,24.839506172839506
01041.mp4,8,1.8,5.35121488571167,0.9697261452674866,0.8029028177261353,0.820442795753479,0.01753990724682808,66.76543209876543,69.62962962962963,2.864197530864203,0.7753872275352478,23.703703703703706
01041.mp4,9,2.0,4.754308223724365,1.4225183725357056,0.7749568223953247,0.7927369475364685,0.0177801251411438,59.851851851851855,64.93827160493827,5.08641975308641,0.7814315557479858,25.876543209876544
01041.mp4,10,2.2,4.670299530029297,1.0333499908447266,0.8014200925827026,0.8200163245201111,0.018596244975924492,64.34567901234568,68.74074074074073,4.395061728395049,0.7814472317695618,26.913580246913583
01041.mp4,11,2.4,5.415342330932617,1.0276973247528076,0.8273979425430298,0.8438612818717957,0.016463391482830048,68.88888888888889,73.4320987654321,4.543209876543216,0.7806187272071838,29.037037037037038
01041.mp4,12,2.6,6.085206508636475,1.5010350942611694,0.8405794501304626,0.8700565695762634,0.029477134346961975,70.17283950617283,77.62962962962962,7.456790123456784,0.7804443836212158,30.37037037037037
01041.mp4,13,2.8,6.5381903648376465,2.0787248611450195,0.8443508744239807,0.8738287091255188,0.029477840289473534,70.46913580246914,77.62962962962962,7.160493827160479,0.7814024090766907,33.23456790123457
01041.mp4,14,3.0,6.1060099601745605,1.7154836654663086,0.8355789184570312,0.8609886169433594,0.025409579277038574,69.92592592592592,76.24691358024691,6.320987654320987,0.7796294093132019,32.79012345679012
01041.mp4,15,3.2,6.030986309051514,1.6331721544265747,0.8092222213745117,0.8314128518104553,0.022190630435943604,65.92592592592592,71.70370370370371,5.777777777777786,0.779262125492096,30.864197530864196
01041.mp4,16,3.4,7.098419666290283,2.314387083053589,0.8040044903755188,0.8361079096794128,0.032103411853313446,64.0,71.65432098765432,7.654320987654316,0.7798855304718018,34.76543209876543
01041.mp4,17,3.6,5.8469343185424805,2.2448410987854004,0.8084937930107117,0.8356715440750122,0.027177685871720314,65.9753086419753,72.5925925925926,6.617283950617292,0.7812269926071167,29.925925925925927
01041.mp4,18,3.8,6.308128833770752,3.3549039363861084,0.7793583869934082,0.7968766689300537,0.017518339678645134,59.95061728395061,63.901234567901234,3.9506172839506206,0.7829848527908325,32.148148148148145
01041.mp4,19,4.0,6.108253479003906,3.8424017429351807,0.7922758460044861,0.8085436820983887,0.016267774626612663,62.02469135802468,66.22222222222223,4.197530864197546,0.7851132750511169,32.44444444444444
01041.mp4,20,4.2,6.141476154327393,4.013250827789307,0.7966176271438599,0.811387300491333,0.01476973108947277,63.25925925925926,67.75308641975309,4.493827160493829,0.7849400639533997,33.4320987654321
01041.mp4,21,4.4,7.669615268707275,5.327043056488037,0.7922787666320801,0.8103235960006714,0.018044844269752502,60.691358024691354,66.32098765432099,5.629629629629633,0.7872952222824097,40.88888888888889
01041.mp4,22,4.6,8.830645561218262,6.397305011749268,0.8064647912979126,0.8294341564178467,0.022969355806708336,63.20987654320987,70.12345679012346,6.9135802469135825,0.7877768278121948,43.80246913580247
01041.mp4,23,4.8,9.143148422241211,6.336778163909912,0.8173263669013977,0.8466372489929199,0.02931087836623192,65.38271604938272,73.4320987654321,8.04938271604938,0.7854778170585632,44.93827160493827
01041.mp4,24,5.0,8.560233116149902,4.683429718017578,0.8242030739784241,0.8487666249275208,0.024563513696193695,67.25925925925927,74.46913580246914,7.209876543209873,0.7833389043807983,41.08641975308642
01041.mp4,25,5.2,9.323637962341309,5.212294101715088,0.8297328352928162,0.8562816977500916,0.026548974215984344,68.64197530864197,75.80246913580247,7.160493827160494,0.782785952091217,42.22222222222222
01041.mp4,26,5.4,10.040687561035156,5.998142719268799,0.8208815455436707,0.8517152667045593,0.030833706259727478,66.32098765432099,74.51851851851852,8.197530864197532,0.7829954028129578,44.0
01041.mp4,27,5.6,9.81318473815918,5.911783218383789,0.8084102272987366,0.8505569100379944,0.04214654490351677,64.69135802469135,76.09876543209877,11.407407407407419,0.7843717336654663,44.592592592592595
01041.mp4,28,5.8,10.054522514343262,8.377327919006348,0.8013182282447815,0.8465592861175537,0.0452410914003849,61.77777777777778,72.39506172839506,10.617283950617285,0.7914112210273743,49.7283950617284
01041.mp4,29,6.0,9.314616203308105,7.5467448234558105,0.8018606901168823,0.8400994539260864,0.038238730281591415,61.82716049382716,70.86419753086419,9.037037037037031,0.7897709012031555,48.839506172839506
01041.mp4,30,6.2,10.101289749145508,8.601668357849121,0.7923492193222046,0.8352648615837097,0.042915619909763336,61.92592592592593,72.34567901234567,10.419753086419739,0.7898938059806824,50.66666666666667
01041.mp4,31,6.4,8.339420318603516,6.634990215301514,0.8118720054626465,0.8455910086631775,0.033718984574079514,63.456790123456784,72.74074074074073,9.28395061728395,0.7872925400733948,45.58024691358025
01041.mp4,32,6.6,8.151165008544922,6.417569160461426,0.8290884494781494,0.8644279837608337,0.0353395976126194,68.88888888888889,77.67901234567901,8.790123456790127,0.7875712513923645,45.48148148148148
01041.mp4,33,6.8,9.016332626342773,6.8996477127075195,0.8376671075820923,0.8812134265899658,0.043546292930841446,69.48148148148148,80.64197530864197,11.160493827160494,0.7871683239936829,46.32098765432099
01041.mp4,34,7.0,8.416133880615234,5.8728251457214355,0.8378695249557495,0.8797509670257568,0.041881442070007324,70.51851851851852,80.74074074074075,10.222222222222229,0.786649763584137,44.2962962962963
01041.mp4,35,7.2,7.112174034118652,4.8852643966674805,0.8404839634895325,0.8772526383399963,0.036768730729818344,71.55555555555554,79.75308641975309,8.197530864197546,0.7857891321182251,40.0
01041.mp4,36,7.4,6.523277282714844,4.436517715454102,0.8553708791732788,0.8889442086219788,0.03357343748211861,75.50617283950616,83.01234567901234,7.506172839506178,0.7846499681472778,36.49382716049382
01041.mp4,37,7.6,5.826586723327637,4.136347770690918,0.8646869659423828,0.8898911476135254,0.025204233825206757,77.4320987654321,82.0246913580247,4.592592592592595,0.7866831421852112,34.864197530864196
01041.mp4,38,7.8,4.944741725921631,3.3535237312316895,0.8770605325698853,0.8973193168640137,0.020258834585547447,80.74074074074075,84.74074074074073,3.999999999999986,0.7857064604759216,27.358024691358025
01041.mp4,39,8.0,3.9285876750946045,2.691340446472168,0.8891497850418091,0.8982753157615662,0.00912555679678917,81.72839506172839,84.29629629629629,2.5679012345678984,0.7849007844924927,18.17283950617284
01041.mp4,40,8.2,3.510317802429199,2.1293303966522217,0.887703001499176,0.8950226306915283,0.007319559343159199,82.27160493827161,84.19753086419753,1.9259259259259238,0.7849366664886475,13.185185185185185
01041.mp4,41,8.4,3.144865036010742,2.386552333831787,0.8809184432029724,0.8848590850830078,0.003940592985600233,80.14814814814815,81.08641975308643,0.9382716049382793,0.7866555452346802,7.753086419753085
01041.mp4,42,8.6,3.806663751602173,2.3127992153167725,0.8694067001342773,0.8789695501327515,0.009562856517732143,77.58024691358024,79.85185185185185,2.271604938271608,0.7859107255935669,16.691358024691358
01041.mp4,43,8.8,4.643551826477051,3.172260046005249,0.8378292322158813,0.8553609251976013,0.01753164827823639,71.25925925925925,75.30864197530865,4.049382716049394,0.7874452471733093,22.12345679012346
01041.mp4,44,9.0,5.625415802001953,4.888927936553955,0.825671911239624,0.8475797176361084,0.021907756105065346,67.80246913580247,72.8395061728395,5.037037037037038,0.7890764474868774,26.074074074074073
01041.mp4,45,9.2,6.565154552459717,5.81353235244751,0.8074201345443726,0.8419474363327026,0.03452739119529724,66.76543209876543,75.55555555555556,8.790123456790127,0.7886366844177246,38.76543209876544
01041.mp4,46,9.4,6.689080238342285,5.955124378204346,0.856361985206604,0.8891223073005676,0.032760247588157654,73.97530864197532,81.67901234567901,7.703703703703695,0.7892062067985535,43.06172839506173
01041.mp4,47,9.6,7.69791841506958,6.079056739807129,0.8546802401542664,0.8920143246650696,0.037334028631448746,74.0246913580247,82.91358024691358,8.888888888888886,0.7861603498458862,44.641975308641975
01041.mp4,48,9.8,8.218746185302734,6.184004783630371,0.8511670231819153,0.8896557688713074,0.03848876804113388,72.54320987654322,81.03703703703704,8.493827160493822,0.7847704291343689,43.308641975308646
01041.mp4,49,10.0,5.667619705200195,3.908750295639038,0.8672794699668884,0.8845385909080505,0.01725918985903263,75.80246913580247,80.5925925925926,4.790123456790127,0.7857595682144165,29.48148148148148
01041.mp4,50,10.2,5.496729373931885,3.2836318016052246,0.865056037902832,0.8825269937515259,0.01747092604637146,76.44444444444444,80.14814814814815,3.7037037037037095,0.7878596782684326,29.827160493827158
01041.mp4,51,10.4,6.902613639831543,5.060147285461426,0.8500461578369141,0.8760896921157837,0.02604353241622448,72.14814814814815,78.61728395061729,6.46913580246914,0.7909078001976013,37.18518518518519
01041.mp4,52,10.6,7.309134006500244,5.612606525421143,0.8381781578063965,0.869784951210022,0.03160678595304489,70.71604938271605,78.81481481481481,8.098765432098759,0.789347767829895,37.18518518518519
01041.mp4,53,10.8,7.440427303314209,5.873135089874268,0.8341556191444397,0.8642755150794983,0.030119866132736206,69.67901234567901,77.4320987654321,7.753086419753089,0.7883647084236145,37.629629629629626
01041.mp4,54,11.0,8.13336181640625,6.693831443786621,0.8207929730415344,0.8525629043579102,0.03177006542682648,66.22222222222223,73.97530864197532,7.753086419753089,0.7895933389663696,42.172839506172835
01041.mp4,55,11.2,8.730650901794434,7.195453643798828,0.8010709881782532,0.8284520506858826,0.027381015941500664,63.40740740740741,70.12345679012346,6.716049382716044,0.7894170880317688,45.382716049382715
01041.mp4,56,11.4,8.247991561889648,6.942412376403809,0.7892621755599976,0.8139814734458923,0.024719255045056343,61.283950617283956,67.06172839506172,5.777777777777764,0.7887910604476929,45.58024691358025
01041.mp4,57,11.6,9.934788703918457,8.162028312683105,0.7935076951980591,0.8304332494735718,0.03692561388015747,61.82716049382716,71.01234567901234,9.185185185185183,0.7888986468315125,50.17283950617284
01041.mp4,58,11.8,10.866628646850586,9.130104064941406,0.8009585738182068,0.8414219617843628,0.04046333581209183,62.51851851851852,71.85185185185186,9.333333333333343,0.7897107601165771,53.382716049382715
01041.mp4,59,12.0,10.96999454498291,8.311429023742676,0.7948840260505676,0.8214134573936462,0.026529500260949135,62.66666666666667,67.20987654320987,4.543209876543202,0.7890687584877014,50.567901234567906
01041.mp4,60,12.2,8.246535301208496,6.777262210845947,0.795289158821106,0.8223314881324768,0.027042319998145103,62.51851851851852,69.33333333333334,6.814814814814824,0.7892537117004395,44.0
01041.mp4,61,12.4,8.720794677734375,5.947643756866455,0.797850489616394,0.8247683644294739,0.026917852461338043,62.37037037037037,70.91358024691358,8.543209876543216,0.786529004573822,42.96296296296296
01041.mp4,62,12.6,7.950996398925781,5.473674774169922,0.8156985640525818,0.844249963760376,0.028551453724503517,66.46913580246914,73.82716049382717,7.358024691358025,0.7862657904624939,40.0
01041.mp4,63,12.8,8.586522102355957,5.258718013763428,0.8257995843887329,0.8602027893066406,0.034403156489133835,68.14814814814815,76.04938271604938,7.901234567901227,0.784928023815155,44.34567901234568
01041.mp4,64,13.0,9.904999732971191,8.078620910644531,0.8092166185379028,0.8462780117988586,0.03706146404147148,64.49382716049382,72.64197530864197,8.148148148148152,0.7893693447113037,48.592592592592595
01041.mp4,65,13.2,10.849867820739746,9.133023262023926,0.7908532619476318,0.8230946063995361,0.03224135562777519,62.27160493827161,69.48148148148148,7.209876543209873,0.789569616317749,51.901234567901234
01041.mp4,66,13.4,9.083868026733398,6.746087551116943,0.7969217896461487,0.83326655626297,0.0363447330892086,63.061728395061735,70.61728395061728,7.555555555555543,0.787715494632721,44.79012345679012
01041.mp4,67,13.6,8.709304809570312,6.72463321685791,0.6489380598068237,0.6528151631355286,0.0038770416285842657,35.358024691358025,36.0,0.6419753086419746,0.7869158983230591,45.62962962962963
01041.mp4,68,13.8,9.901593208312988,8.231340408325195,0.7787496447563171,0.8061096668243408,0.027360059320926666,58.96296296296296,64.98765432098766,6.024691358024697,0.7877650260925293,49.382716049382715
01041.mp4,69,14.0,9.296477317810059,7.476994037628174,0.770703136920929,0.8083289265632629,0.03762579336762428,57.876543209876544,66.41975308641975,8.543209876543202,0.7881162166595459,47.55555555555556
01041.mp4,70,14.2,9.726112365722656,8.579208374023438,0.7740481495857239,0.8116471767425537,0.03759908676147461,58.0246913580247,66.32098765432099,8.29629629629629,0.7898762226104736,50.864197530864196
01041.mp4,71,14.4,9.008509635925293,8.349925994873047,0.773132860660553,0.7987655997276306,0.02563278004527092,56.93827160493827,63.80246913580246,6.864197530864189,0.793174684047699,50.27160493827161
01041.mp4,72,14.6,10.493603706359863,6.872175216674805,0.7811039090156555,0.8099509477615356,0.028846921399235725,57.67901234567901,66.41975308641975,8.740740740740733,0.7885648012161255,47.11111111111111
01041.mp4,73,14.8,8.805937767028809,6.864760875701904,0.8016387224197388,0.8349966406822205,0.03335793688893318,61.18518518518519,69.08641975308642,7.901234567901227,0.7901080250740051,46.17283950617284
01041.mp4,74,15.0,10.199373245239258,8.202622413635254,0.7905272245407104,0.8274394869804382,0.03691226989030838,58.81481481481482,67.30864197530865,8.49382716049383,0.7912048101425171,49.432098765432094
01041.mp4,75,15.2,13.155708312988281,13.716306686401367,0.7965262532234192,0.8353392481803894,0.038812994956970215,58.51851851851851,67.85185185185185,9.333333333333336,0.7940628528594971,56.93827160493827
01041.mp4,76,15.4,12.476058006286621,12.039226531982422,0.7940992712974548,0.8295751810073853,0.035475924611091614,59.1604938271605,67.4074074074074,8.246913580246904,0.7933804392814636,53.72839506172839
01041.mp4,77,15.6,10.682175636291504,7.786190509796143,0.796428918838501,0.8384053111076355,0.04197635501623154,60.93827160493828,72.0,11.06172839506172,0.7892294526100159,48.148148148148145
01041.mp4,78,15.8,9.30765151977539,6.167165756225586,0.8001936674118042,0.8331916928291321,0.032997965812683105,62.46913580246913,70.07407407407408,7.604938271604944,0.7857188582420349,43.80246913580247
01041.mp4,79,16.0,8.453594207763672,6.0401291847229,0.7849869728088379,0.8145005106925964,0.029513495042920113,59.654320987654316,65.72839506172839,6.074074074074076,0.7872766256332397,40.24691358024691
01041.mp4,80,16.2,8.5945405960083,5.839724063873291,0.7825906872749329,0.8076971173286438,0.025106489658355713,58.76543209876544,64.8395061728395,6.074074074074069,0.7854540944099426,41.18518518518518
01041.mp4,81,16.4,8.493300437927246,5.305700778961182,0.7604689002037048,0.7857635617256165,0.025294750928878784,56.74074074074073,62.419753086419746,5.679012345679013,0.7832295894622803,38.51851851851852
01041.mp4,82,16.6,7.84348201751709,4.637319087982178,0.7611071467399597,0.7703108787536621,0.009203756228089333,56.49382716049382,59.20987654320987,2.716049382716051,0.7826743125915527,35.20987654320988
01041.mp4,83,16.8,6.8388237953186035,4.5790934562683105,0.7606331706047058,0.7725979089736938,0.01196469459682703,55.7037037037037,58.41975308641976,2.716049382716058,0.7862898707389832,33.1358024691358
01041.mp4,84,17.0,7.245863914489746,5.553954601287842,0.7591723203659058,0.7731541395187378,0.013981764204800129,56.04938271604938,58.5679012345679,2.518518518518519,0.787330687046051,35.60493827160494
01041.mp4,85,17.2,8.156908988952637,5.026925563812256,0.7590206861495972,0.7738358974456787,0.014815252274274826,59.654320987654316,62.419753086419746,2.76543209876543,0.7829697132110596,36.148148148148145
01041.mp4,86,17.4,7.225074768066406,3.515458583831787,0.8041811585426331,0.8039430379867554,-0.0002380484074819833,67.1604938271605,68.69135802469137,1.5308641975308745,0.7828139662742615,27.30864197530864
01041.mp4,87,17.6,4.058267593383789,0.6621692180633545,0.8598782420158386,0.8728266954421997,0.012948486022651196,77.53086419753087,80.98765432098766,3.456790123456784,0.7789809703826904,18.666666666666668
01041.mp4,88,17.8,3.1310861110687256,0.40206730365753174,0.8877831697463989,0.8954784870147705,0.00769534008577466,82.12345679012346,83.9506172839506,1.8271604938271508,0.7789604663848877,15.308641975308642
01041.mp4,89,18.0,3.464184522628784,0.7973588705062866,0.887428879737854,0.8952606320381165,0.007831845432519913,80.74074074074075,82.76543209876543,2.0246913580246826,0.7803420424461365,17.28395061728395
01041.mp4,90,18.2,3.9427273273468018,1.3425909280776978,0.8782292008399963,0.8952444791793823,0.01701531745493412,79.01234567901234,83.7037037037037,4.691358024691354,0.7813124656677246,18.17283950617284
01041.mp4,91,18.4,4.302159309387207,1.628591775894165,0.8692481517791748,0.8877633213996887,0.018515100702643394,78.2716049382716,83.01234567901234,4.740740740740748,0.7835817337036133,23.65432098765432
01041.mp4,92,18.6,5.900667190551758,4.064924240112305,0.8267694115638733,0.8632531762123108,0.03648371994495392,69.53086419753086,79.01234567901234,9.481481481481481,0.7868125438690186,38.17283950617284
01041.mp4,93,18.8,4.369843482971191,2.656327724456787,0.8616547584533691,0.8750348687171936,0.013380046933889389,77.23456790123457,81.53086419753086,4.2962962962962905,0.7850117683410645,22.962962962962962
01041.mp4,94,19.0,3.3323426246643066,1.9090689420700073,0.8877683281898499,0.8968814611434937,0.009113118052482605,82.71604938271605,85.28395061728395,2.5679012345678984,0.784651517868042,10.962962962962964
01041.mp4,95,19.2,3.1355693340301514,2.974785804748535,0.8923260569572449,0.8936479091644287,0.001321860938332975,84.39506172839506,84.8395061728395,0.44444444444444287,0.790680468082428,7.604938271604938
01041.mp4,96,19.4,3.4234254360198975,3.1395034790039062,0.8908613920211792,0.8959223031997681,0.005060973111540079,82.81481481481482,84.04938271604938,1.2345679012345556,0.7905045747756958,13.728395061728396
01041.mp4,97,19.6,1.0048723220825195,0.9589572548866272,0.941534161567688,0.9415943026542664,6.016916813678108e-05,94.8641975308642,94.91358024691358,0.04938271604937938,0.7941721081733704,0.04938271604938272
01041.mp4,98,19.8,0.4955683946609497,0.525599479675293,0.9758668541908264,0.9758668541908264,0.0,98.91358024691358,98.91358024691358,0.0,0.7991647124290466,0.0
01041.mp4,99,20.0,1.9426990747451782,2.498284101486206,0.9419347047805786,0.9419347047805786,0.0,92.24691358024691,92.24691358024691,0.0,0.7990333437919617,0.0
01041.mp4,100,20.2,0.9556897282600403,1.0934008359909058,0.9670996069908142,0.9670996069908142,0.0,96.98765432098766,96.98765432098766,0.0,0.7981258034706116,0.0
01041.mp4,101,20.4,0.36785849928855896,0.3395411968231201,0.9853033423423767,0.9853033423423767,0.0,99.55555555555556,99.55555555555556,0.0,0.7947805523872375,0.0
01041.mp4,102,20.6,0.3110099732875824,0.22865994274616241,0.9760671257972717,0.9760671257972717,0.0,99.1604938271605,99.1604938271605,0.0,0.7894795536994934,0.0
01041.mp4,103,20.8,0.41877561807632446,0.24846036732196808,0.9841524362564087,0.9841524362564087,0.0,99.01234567901234,99.01234567901234,0.0,0.7827322483062744,0.0
01041.mp4,104,21.0,0.7612340450286865,0.5760905742645264,0.9754016995429993,0.9753995537757874,-2.1020866824983386e-06,98.37037037037038,98.37037037037038,0.0,0.7902069091796875,0.04938271604938272
01041.mp4,105,21.2,2.099515438079834,2.244734525680542,0.9411773085594177,0.9417282938957214,0.0005509988404810429,91.95061728395062,92.09876543209876,0.14814814814813815,0.7974001169204712,1.6296296296296295
01041.mp4,106,21.4,3.492645263671875,3.788295269012451,0.9003500938415527,0.9045270681381226,0.004176955670118332,82.61728395061728,83.65432098765432,1.037037037037038,0.7977394461631775,6.617283950617284
01041.mp4,107,21.6,4.044740676879883,4.1458353996276855,0.8841045498847961,0.8951141238212585,0.011009622365236282,79.80246913580247,83.06172839506173,3.2592592592592666,0.7933651804924011,15.604938271604937
01041.mp4,108,21.8,3.8527348041534424,3.417332887649536,0.90472012758255,0.9105944037437439,0.00587427569553256,82.81481481481482,84.98765432098764,2.1728395061728207,0.7898999452590942,12.0
01041.mp4,109,22.0,3.0481724739074707,2.074079990386963,0.9159441590309143,0.919013261795044,0.003069134894758463,87.35802469135803,88.29629629629629,0.9382716049382651,0.7866939306259155,5.9753086419753085
01041.mp4,110,22.2,3.484374523162842,2.0485846996307373,0.9086191654205322,0.9128645658493042,0.004245410207659006,85.03703703703704,86.5679012345679,1.5308641975308603,0.7865877747535706,10.17283950617284
01041.mp4,111,22.4,5.159609794616699,4.348229885101318,0.8808254599571228,0.8930066227912903,0.012181191705167294,79.35802469135803,82.5679012345679,3.209876543209873,0.7889566421508789,28.938271604938272
01041.mp4,112,22.6,7.37127161026001,6.902748107910156,0.8461130261421204,0.886500895023346,0.040387868881225586,71.70370370370371,82.07407407407408,10.370370370370367,0.7903734445571899,42.91358024691358
01041.mp4,113,22.8,8.849028587341309,8.437564849853516,0.8327664136886597,0.8821307420730591,0.04936433210968971,68.49382716049382,80.14814814814815,11.65432098765433,0.791344404220581,51.06172839506172
01041.mp4,114,23.0,10.038334846496582,9.596497535705566,0.8231021165847778,0.880000114440918,0.05689801275730133,65.92592592592592,79.25925925925927,13.333333333333343,0.7919385433197021,55.20987654320988
01041.mp4,115,23.2,9.304330825805664,8.532220840454102,0.8129975199699402,0.8506539463996887,0.037656400352716446,65.62962962962963,74.27160493827161,8.641975308641975,0.7894791960716248,52.54320987654321
01041.mp4,116,23.4,9.257587432861328,7.944392204284668,0.7878803014755249,0.835435688495636,0.04755541309714317,58.666666666666664,70.46913580246914,11.802469135802475,0.7914713621139526,49.28395061728395
01041.mp4,117,23.6,9.746244430541992,8.6431303024292,0.7969281673431396,0.8362659215927124,0.03933778405189514,61.53086419753087,71.20987654320987,9.679012345679006,0.7902390360832214,51.01234567901235
01041.mp4,118,23.8,8.67651653289795,6.941824913024902,0.8042072653770447,0.8349729776382446,0.030765768140554428,63.308641975308646,71.1604938271605,7.851851851851848,0.7869113683700562,44.79012345679012
01041.mp4,119,24.0,8.50682258605957,7.086582660675049,0.8009560704231262,0.8323898315429688,0.03143371641635895,64.24691358024691,71.30864197530865,7.061728395061735,0.7871243357658386,45.18518518518518
01041.mp4,120,24.2,8.917783737182617,7.50232458114624,0.7775389552116394,0.8212378025054932,0.043698862195014954,59.40740740740741,69.82716049382715,10.419753086419739,0.78902667760849,47.06172839506173
01041.mp4,121,24.4,9.319597244262695,8.631141662597656,0.7948166131973267,0.8337478637695312,0.03893124312162399,61.77777777777778,70.91358024691358,9.135802469135804,0.789925754070282,49.7283950617284
01041.mp4,122,24.6,7.834269046783447,6.564236640930176,0.8097269535064697,0.8331807255744934,0.023453807458281517,66.91358024691358,71.06172839506173,4.148148148148152,0.7865210175514221,40.641975308641975
01041.mp4,123,24.8,7.282275676727295,6.162148952484131,0.8282875418663025,0.8518434166908264,0.023555835708975792,69.9753086419753,74.81481481481481,4.839506172839506,0.7884910106658936,37.97530864197531
01041.mp4,124,25.0,6.316161155700684,5.044150352478027,0.8404942750930786,0.8640018701553345,0.023507675155997276,72.09876543209876,77.08641975308642,4.987654320987659,0.7851237654685974,33.62962962962963
01041.mp4,125,25.2,4.931388854980469,3.955587148666382,0.8656232953071594,0.8720023036003113,0.006378954276442528,76.93827160493827,78.37037037037037,1.4320987654321016,0.7856653928756714,20.938271604938272
01041.mp4,126,25.4,3.937166213989258,3.1566104888916016,0.8869308233261108,0.8903992772102356,0.003468426875770092,81.48148148148148,82.51851851851852,1.037037037037038,0.7883453965187073,13.333333333333334
01041.mp4,127,25.6,3.8544716835021973,3.8223941326141357,0.8813051581382751,0.8828315734863281,0.001526426407508552,78.76543209876543,79.30864197530865,0.5432098765432158,0.7929221391677856,10.716049382716049
01041.mp4,128,25.8,3.235276937484741,2.968640089035034,0.9042747020721436,0.90473872423172,0.0004640163097064942,83.75308641975309,83.75308641975309,0.0,0.7912272214889526,7.160493827160494
01041.mp4,129,26.0,3.080657720565796,3.3886311054229736,0.9068334102630615,0.9085050225257874,0.0016716084210202098,84.09876543209876,84.88888888888889,0.790123456790127,0.7946508526802063,5.382716049382716
01041.mp4,130,26.2,3.2560083866119385,3.8463056087493896,0.9087040424346924,0.9090768098831177,0.0003727345902007073,84.69135802469135,84.8395061728395,0.14814814814815236,0.7972452640533447,5.185185185185185
01041.mp4,131,26.4,3.840895652770996,4.544557094573975,0.8964410424232483,0.9004426598548889,0.004001625347882509,81.08641975308643,82.0246913580247,0.9382716049382651,0.7961257100105286,12.691358024691358
01041.mp4,132,26.6,4.656778812408447,5.537842750549316,0.8755016922950745,0.8765955567359924,0.001093887141905725,78.17283950617283,78.71604938271605,0.5432098765432158,0.7981274127960205,30.814814814814817
01041.mp4,133,26.8,4.902426242828369,6.141814708709717,0.8747408986091614,0.8871286511421204,0.012387771159410477,75.90123456790123,79.30864197530865,3.407407407407419,0.7981164455413818,35.50617283950617
01041.mp4,134,27.0,5.430753231048584,7.069498062133789,0.865065336227417,0.894514799118042,0.02944946475327015,73.82716049382717,81.67901234567901,7.851851851851848,0.799822986125946,46.71604938271605
01041.mp4,135,27.2,6.059500694274902,8.219986915588379,0.8696178793907166,0.887926459312439,0.018308602273464203,73.82716049382717,78.96296296296296,5.135802469135797,0.801962673664093,50.864197530864196
01041.mp4,136,27.4,5.482569217681885,7.0089569091796875,0.8662558197975159,0.9015550017356873,0.03529922291636467,72.34567901234567,82.27160493827161,9.925925925925938,0.8019373416900635,48.39506172839506
01041.mp4,137,27.6,5.338443756103516,7.000532150268555,0.8557514548301697,0.8864397406578064,0.03068830631673336,71.55555555555554,78.8641975308642,7.30864197530866,0.8006940484046936,45.23456790123457
01041.mp4,138,27.8,3.761533737182617,4.529757499694824,0.9003827571868896,0.9006049633026123,0.00022223357518669218,81.72839506172839,81.72839506172839,0.0,0.8000113368034363,6.567901234567901
01041.mp4,139,28.0,2.761678695678711,3.825707197189331,0.9239453673362732,0.9238457679748535,-9.958649752661586e-05,86.96296296296296,86.91358024691358,-0.04938271604937938,0.8047786355018616,0.19753086419753088
01041.mp4,140,28.2,2.1158671379089355,2.7129905223846436,0.934493899345398,0.934493899345398,0.0,89.4320987654321,89.4320987654321,0.0,0.8028100728988647,0.0
01041.mp4,141,28.4,1.7301362752914429,2.3661913871765137,0.9516955018043518,0.9516955018043518,0.0,93.62962962962963,93.62962962962963,0.0,0.8047143816947937,0.0
01041.mp4,142,28.6,1.3439326286315918,1.8539053201675415,0.9520525932312012,0.9520535469055176,9.630344948163838e-07,94.76543209876543,94.81481481481482,0.049382716049393593,0.8056212663650513,0.34567901234567905
01041.mp4,143,28.8,0.8829964995384216,1.1810396909713745,0.9741312265396118,0.9741312265396118,0.0,98.12345679012346,98.12345679012346,0.0,0.8051900267601013,0.0
01041.mp4,144,29.0,0.6612982153892517,0.7902626395225525,0.9793359041213989,0.9793359041213989,0.0,98.81481481481481,98.81481481481481,0.0,0.8021822571754456,0.0
01041.mp4,145,29.2,0.6988352537155151,0.8200233578681946,0.9755828380584717,0.9755828380584717,0.0,98.41975308641975,98.41975308641975,0.0,0.800493597984314,0.0
01041.mp4,146,29.4,0.8241313695907593,1.1322591304779053,0.9725833535194397,0.9725833535194397,0.0,98.0246913580247,98.0246913580247,0.0,0.8055073618888855,0.0
01041.mp4,147,29.6,1.0413554906845093,1.2836971282958984,0.9596956968307495,0.9595130681991577,-0.00018265502876602113,96.09876543209876,96.04938271604938,-0.04938271604937938,0.8038317561149597,0.14814814814814814
01041.mp4,148,29.8,1.2803559303283691,1.79838228225708,0.9607537388801575,0.9607352018356323,-1.8658254703041166e-05,95.7037037037037,95.7037037037037,0.0,0.8056977391242981,0.09876543209876544
01041.mp4,149,30.0,1.4006659984588623,1.7919431924819946,0.9590483903884888,0.958890438079834,-0.00015798416279722005,95.20987654320989,95.1604938271605,-0.049382716049393593,0.8034603595733643,0.4444444444444444
01041.mp4,150,30.2,1.3019806146621704,1.7931525707244873,0.9588152170181274,0.958629310131073,-0.00018587753584142774,95.7037037037037,95.65432098765432,-0.04938271604937938,0.8055258989334106,0.19753086419753088
01041.mp4,151,30.4,1.2290774583816528,1.5741938352584839,0.9677393436431885,0.967743456363678,4.185305897408398e-06,96.8395061728395,96.8395061728395,0.0,0.8029026985168457,0.09876543209876544
01041.mp4,152,30.6,0.9674516320228577,1.2991023063659668,0.9590010046958923,0.958970844745636,-3.011768239957746e-05,96.49382716049382,96.49382716049382,0.0,0.806120753288269,0.04938271604938272
01041.mp4,153,30.8,1.0381437540054321,1.2503529787063599,0.9648720622062683,0.9656503200531006,0.0007781828171573579,96.64197530864197,96.93827160493828,0.2962962962963047,0.804015576839447,0.6419753086419753
01041.mp4,154,31.0,1.391496181488037,1.4771267175674438,0.9575933218002319,0.959580659866333,0.001987387193366885,95.75308641975309,96.34567901234567,0.592592592592581,0.8065897226333618,1.8271604938271606
01041.mp4,155,31.2,1.7756493091583252,1.741407871246338,0.9446924328804016,0.947303831577301,0.0026114170905202627,92.44444444444444,93.28395061728395,0.8395061728395063,0.8052375316619873,2.9135802469135803
01041.mp4,156,31.4,2.2285549640655518,2.0684282779693604,0.9315385818481445,0.934614896774292,0.003076384775340557,89.82716049382717,91.1604938271605,1.3333333333333286,0.8054991364479065,4.6419753086419755
01041.mp4,157,31.6,2.5157470703125,2.5215249061584473,0.9250419735908508,0.9300515055656433,0.005009517539292574,88.74074074074075,90.46913580246914,1.728395061728392,0.8053385615348816,5.185185185185185
01041.mp4,158,31.8,3.1241726875305176,3.1729416847229004,0.9213085770606995,0.9249501824378967,0.003641648916527629,87.4074074074074,88.49382716049384,1.0864197530864317,0.8061308860778809,6.91358024691358
01041.mp4,159,32.0,3.4580554962158203,3.752058267593384,0.9106441736221313,0.915616512298584,0.004972280468791723,84.24691358024691,85.82716049382717,1.580246913580254,0.8055365085601807,6.814814814814815
01041.mp4,160,32.2,3.642380952835083,3.951605796813965,0.9006412029266357,0.9066909551620483,0.006049707997590303,81.77777777777779,83.4567901234568,1.6790123456790127,0.8052565455436707,7.061728395061728
01041.mp4,161,32.4,3.377312421798706,3.026799440383911,0.9263784885406494,0.9328606128692627,0.006482141558080912,87.80246913580247,89.67901234567901,1.8765432098765444,0.8020904064178467,7.604938271604938
01041.mp4,162,32.6,2.961963653564453,2.0829806327819824,0.9287177324295044,0.9372578859329224,0.008540146984159946,89.23456790123456,91.60493827160494,2.370370370370381,0.8030658960342407,7.4074074074074066
01041.mp4,163,32.8,2.6949429512023926,1.3589179515838623,0.9368534088134766,0.946423351764679,0.009569979272782803,90.76543209876543,92.98765432098766,2.2222222222222285,0.7808853387832642,7.4567901234567895
01041.mp4,164,33.0,3.201805353164673,1.0573424100875854,0.9253193736076355,0.9350660443305969,0.009746672585606575,88.88888888888889,91.11111111111111,2.2222222222222285,0.7718026638031006,9.08641975308642
01041.mp4,165,33.2,3.2515974044799805,1.2327806949615479,0.9131876230239868,0.9226828813552856,0.009495258331298828,86.37037037037038,88.24691358024691,1.8765432098765302,0.7736229300498962,9.135802469135802
01041.mp4,166,33.4,4.106264114379883,1.4711542129516602,0.9069228172302246,0.9179431796073914,0.011020362377166748,85.38271604938271,87.55555555555556,2.172839506172849,0.7717254757881165,11.456790123456791
01041.mp4,167,33.6,3.6576645374298096,1.857966661453247,0.8822898864746094,0.8916301131248474,0.009340256452560425,81.82716049382715,83.1604938271605,1.3333333333333428,0.7739093899726868,12.0
01041.mp4,168,33.8,3.5831215381622314,2.2729711532592773,0.8865980505943298,0.895643413066864,0.00904528982937336,82.51851851851852,84.44444444444444,1.9259259259259238,0.7786941528320312,10.37037037037037
01041.mp4,169,34.0,3.690795421600342,2.9613311290740967,0.8844969272613525,0.8877620100975037,0.0032650786451995373,81.38271604938272,82.86419753086419,1.4814814814814667,0.7879068851470947,9.037037037037036
01041.mp4,170,34.2,5.019852161407471,5.84517240524292,0.8392107486724854,0.842200517654419,0.0029898076318204403,69.08641975308642,69.9753086419753,0.8888888888888857,0.8022804856300354,12.54320987654321
01041.mp4,171,34.4,6.641565799713135,9.64976692199707,0.8163503408432007,0.8761786222457886,0.05982828140258789,63.01234567901235,77.82716049382717,14.814814814814817,0.8046766519546509,55.80246913580247
01041.mp4,172,34.6,9.167038917541504,12.34880542755127,0.7982131242752075,0.8878030776977539,0.08958994597196579,58.913580246913575,81.72839506172839,22.814814814814817,0.8030990362167358,56.54320987654321
01041.mp4,173,34.8,10.157179832458496,13.561433792114258,0.8016200065612793,0.8825365900993347,0.080916628241539,59.40740740740741,80.24691358024691,20.8395061728395,0.8014951944351196,55.901234567901234
01041.mp4,174,35.0,10.672235488891602,14.198626518249512,0.8095569014549255,0.8786587119102478,0.06910190731287003,61.48148148148148,78.51851851851852,17.037037037037038,0.8001109957695007,54.81481481481482
01041.mp4,175,35.2,10.389817237854004,12.339212417602539,0.79632967710495,0.8652032613754272,0.06887359917163849,60.14814814814815,75.45679012345678,15.308641975308632,0.798215389251709,52.197530864197525
01041.mp4,176,35.4,11.586515426635742,11.80046272277832,0.7963539361953735,0.8596081733703613,0.06325430423021317,59.25925925925925,73.82716049382717,14.567901234567913,0.7972241640090942,51.55555555555556
01041.mp4,177,35.6,12.53620719909668,12.123268127441406,0.7833438515663147,0.8648431301116943,0.08149931579828262,56.00000000000001,75.95061728395062,19.950617283950614,0.7962784171104431,51.160493827160494
01041.mp4,178,35.8,13.258625030517578,10.962211608886719,0.7859351634979248,0.8670431971549988,0.08110800385475159,56.49382716049382,76.64197530864197,20.148148148148152,0.7949387431144714,51.160493827160494
01041.mp4,179,36.0,13.332212448120117,10.457277297973633,0.7872701287269592,0.8624582886695862,0.07518812268972397,57.1358024691358,75.80246913580247,18.66666666666667,0.7932948470115662,52.44444444444445
01041.mp4,180,36.2,13.000639915466309,8.393754959106445,0.7876372933387756,0.8509459495544434,0.0633087158203125,57.77777777777777,73.38271604938271,15.604938271604937,0.7910327911376953,50.07407407407407
01041.mp4,181,36.4,10.99450969696045,3.8087260723114014,0.7978103756904602,0.8469067811965942,0.04909634217619896,59.7037037037037,72.34567901234567,12.641975308641968,0.7880292534828186,45.876543209876544
01041.mp4,182,36.6,9.79725456237793,2.764441728591919,0.8105489015579224,0.8585348129272461,0.04798584431409836,64.14814814814814,76.49382716049384,12.345679012345698,0.7872083783149719,45.135802469135804
01041.mp4,183,36.8,8.739944458007812,2.736008405685425,0.8299886584281921,0.8750981092453003,0.04510945454239845,68.09876543209876,78.76543209876543,10.666666666666671,0.7864753007888794,43.851851851851855
01041.mp4,184,37.0,7.781216144561768,1.8531312942504883,0.8312510848045349,0.8791287541389465,0.04787769541144371,67.4074074074074,79.50617283950618,12.098765432098773,0.7860073447227478,42.37037037037037
01041.mp4,185,37.2,7.241847038269043,1.5554370880126953,0.825689435005188,0.8776066899299622,0.051917221397161484,65.92592592592592,79.4074074074074,13.481481481481481,0.7852200865745544,39.55555555555556
01041.mp4,186,37.4,6.333225727081299,1.3164315223693848,0.8355533480644226,0.8904343843460083,0.054881058633327484,68.34567901234568,82.5679012345679,14.222222222222214,0.7843478918075562,38.51851851851852
01041.mp4,187,37.6,5.362611770629883,0.9369296431541443,0.8570612072944641,0.8911424279212952,0.03408123552799225,74.37037037037038,83.75308641975309,9.382716049382708,0.7833883166313171,36.39506172839506
01041.mp4,188,37.8,4.279344081878662,0.8327726125717163,0.8844921588897705,0.8965680599212646,0.012075845152139664,79.95061728395062,84.29629629629629,4.34567901234567,0.7810192108154297,27.25925925925926
01041.mp4,189,38.0,3.8655879497528076,0.8615633845329285,0.8932775259017944,0.9012819528579712,0.008004430681467056,82.41975308641976,85.28395061728395,2.864197530864189,0.7808640003204346,19.85185185185185
01041.mp4,190,38.2,3.5228848457336426,0.7436122894287109,0.8951115012168884,0.90580815076828,0.01069662719964981,82.46913580246914,85.58024691358025,3.1111111111111143,0.781173586845398,17.48148148148148
01041.mp4,191,38.4,3.2066001892089844,0.6887543797492981,0.9116127490997314,0.9115534424781799,-5.934679938945919e-05,87.25925925925925,87.1604938271605,-0.09876543209875877,0.7799465656280518,16.296296296296298
01041.mp4,192,38.6,3.207925319671631,1.0491609573364258,0.8908752202987671,0.8887121677398682,-0.002163094002753496,83.35802469135803,83.60493827160494,0.24691358024691112,0.7802319526672363,15.950617283950615
01041.mp4,193,38.8,3.1645750999450684,0.9609394669532776,0.8925611972808838,0.9017983675003052,0.009237222373485565,81.53086419753086,84.09876543209876,2.5679012345678984,0.7809769511222839,16.641975308641975
01041.mp4,194,39.0,3.037569761276245,1.0157227516174316,0.9086281657218933,0.9101991653442383,0.001570968539454043,85.62962962962963,86.12345679012346,0.49382716049382225,0.7792707085609436,14.814814814814813
01041.mp4,195,39.2,2.932027816772461,1.0879559516906738,0.9080823659896851,0.9076282978057861,-0.0004541617236100137,84.98765432098764,85.33333333333334,0.3456790123456983,0.7804906368255615,13.135802469135802
01041.mp4,196,39.4,2.643583059310913,0.9804447889328003,0.9078412055969238,0.9108358025550842,0.0029946069698780775,85.33333333333334,85.72839506172839,0.39506172839504927,0.7798655033111572,11.456790123456791
01042.mp4,0,0.2,0.6353152394294739,0.00781294982880354,0.890160083770752,0.8899511694908142,-0.00020886532729491591,89.53086419753087,89.53086419753087,0.0,0.7647455930709839,1.3827160493827162
01042.mp4,1,0.4,0.5785060524940491,0.006124308332800865,0.8842197060585022,0.8831967115402222,-0.0010230297921225429,86.96296296296296,86.71604938271605,-0.24691358024691112,0.7646408677101135,2.1728395061728394
01042.mp4,2,0.6,0.6972428560256958,0.007259052246809006,0.8870714902877808,0.8874865174293518,0.00041496416088193655,87.65432098765432,87.80246913580247,0.14814814814815236,0.7651110291481018,2.4691358024691357
01042.mp4,3,0.8,0.8313228487968445,0.006357353646308184,0.8873677849769592,0.8874608874320984,9.301461977884173e-05,88.24691358024691,88.19753086419753,-0.04938271604937938,0.7642158269882202,2.7654320987654324
01042.mp4,4,1.0,1.1839678287506104,0.009343335404992104,0.8682122826576233,0.869814932346344,0.0016026183729991317,84.44444444444444,84.88888888888889,0.44444444444444287,0.7648003697395325,3.802469135802469
01042.mp4,5,1.2,0.9848226308822632,0.009488890878856182,0.8705341815948486,0.870250403881073,-0.00028376508271321654,83.4567901234568,83.55555555555556,0.09876543209875877,0.7645832300186157,3.901234567901234
01042.mp4,6,1.4,0.9113420844078064,0.007375113200396299,0.8496849536895752,0.8490648865699768,-0.000620029924903065,80.09876543209876,79.80246913580247,-0.2962962962962905,0.7649618983268738,2.864197530864198
01042.mp4,7,1.6,0.8455396294593811,0.004737407900393009,0.8261346817016602,0.8261705636978149,3.587724131648429e-05,74.5679012345679,74.51851851851852,-0.04938271604937938,0.7645697593688965,1.9753086419753085
01042.mp4,8,1.8,1.019235610961914,0.0031743296422064304,0.8722211122512817,0.8725184202194214,0.0002973722293972969,84.0,84.29629629629629,0.2962962962962905,0.763737678527832,3.901234567901234
01042.mp4,9,2.0,0.546488344669342,0.006687799468636513,0.8880774974822998,0.8886598348617554,0.0005822850507684052,88.98765432098766,89.28395061728395,0.2962962962962905,0.7645825147628784,1.8271604938271606
01042.mp4,10,2.2,0.5887754559516907,0.008223563432693481,0.8940460681915283,0.8952090740203857,0.0011630362132564187,88.8395061728395,89.23456790123456,0.39506172839504927,0.765194833278656,2.123456790123457
01042.mp4,11,2.4,0.7312270998954773,0.00570724718272686,0.8947382569313049,0.8961330652236938,0.0013947660336270928,88.19753086419753,88.64197530864197,0.44444444444444287,0.7641529440879822,3.308641975308642
01042.mp4,12,2.6,0.7724229693412781,0.006469497457146645,0.8918506503105164,0.8924130797386169,0.0005624149926006794,88.04938271604938,88.29629629629629,0.24691358024691112,0.7642806172370911,2.617283950617284
01042.mp4,13,2.8,0.9871798753738403,0.008212480694055557,0.886252760887146,0.8872169256210327,0.0009641781798563898,86.86419753086419,86.96296296296296,0.09876543209877298,0.765276312828064,3.308641975308642
01042.mp4,14,3.0,1.079729676246643,0.012614211067557335,0.8830238580703735,0.8838112354278564,0.0007874474977143109,85.87654320987654,86.12345679012346,0.24691358024691112,0.7653191685676575,4.049382716049383
01042.mp4,15,3.2,0.7903514504432678,0.01202449668198824,0.8918130397796631,0.8916909694671631,-0.00012202704238006845,88.04938271604938,88.04938271604938,0.0,0.7640310525894165,2.7160493827160495
01042.mp4,16,3.4,0.9554303884506226,0.00748041458427906,0.8901233077049255,0.8910938501358032,0.0009705089032649994,88.14814814814815,88.64197530864197,0.49382716049382225,0.7638798356056213,4.197530864197531
01042.mp4,17,3.6,1.112231731414795,0.008597683161497116,0.8949328660964966,0.8959906697273254,0.0010578692890703678,89.08641975308642,89.28395061728395,0.19753086419753174,0.7647795081138611,4.592592592592593
01042.mp4,18,3.8,1.0215541124343872,0.008354704827070236,0.8869174122810364,0.8903709650039673,0.003453565062955022,86.86419753086419,87.90123456790123,1.037037037037038,0.7643452286720276,3.950617283950617
01042.mp4,19,4.0,1.2871099710464478,0.014976829290390015,0.8807123899459839,0.8830065131187439,0.0022940889466553926,85.72839506172839,86.07407407407408,0.3456790123456841,0.7659822106361389,5.037037037037037
01042.mp4,20,4.2,1.2718908786773682,0.0131274638697505,0.8780223727226257,0.8790058493614197,0.0009833791991695762,84.54320987654322,85.23456790123457,0.691358024691354,0.7656011581420898,4.296296296296296
01042.mp4,21,4.4,1.0937811136245728,0.007168647833168507,0.8965998888015747,0.8981544375419617,0.00155452371109277,88.14814814814815,88.64197530864197,0.49382716049382225,0.7657818794250488,3.7037037037037033
01042.mp4,22,4.6,1.0545639991760254,0.006904514506459236,0.9117721319198608,0.9129308462142944,0.0011586291948333383,91.1604938271605,91.45679012345678,0.2962962962962905,0.764900803565979,3.3580246913580245
01042.mp4,23,4.8,0.7280736565589905,0.007301809266209602,0.9113268256187439,0.9120742678642273,0.0007475406164303422,90.71604938271605,90.91358024691358,0.19753086419753174,0.7645840644836426,3.259259259259259
01042.mp4,24,5.0,0.7926905155181885,0.011865541338920593,0.8901771306991577,0.8913001418113708,0.0011229673400521278,88.5432098765432,89.18518518518519,0.6419753086419888,0.7649796009063721,3.5555555555555554
01042.mp4,25,5.2,0.8874619603157043,0.012398241087794304,0.8908244371414185,0.8916590809822083,0.0008346775430254638,87.55555555555556,87.85185185185185,0.2962962962962905,0.7653497457504272,3.45679012345679
01042.mp4,26,5.4,0.9149481654167175,0.008825632743537426,0.8843615055084229,0.8861767053604126,0.0018151468830183148,85.67901234567901,86.37037037037038,0.6913580246913682,0.7657153010368347,3.0617283950617287
01042.mp4,27,5.6,1.0503371953964233,0.006942978594452143,0.8823674917221069,0.8826519250869751,0.0002844519622158259,84.5925925925926,84.98765432098764,0.39506172839504927,0.7659716010093689,3.6543209876543212
01042.mp4,28,5.8,0.8412948846817017,0.006055497098714113,0.8928711414337158,0.8950062990188599,0.002135147573426366,87.80246913580247,88.64197530864197,0.8395061728395063,0.7642228603363037,3.0617283950617287
01042.mp4,29,6.0,1.1315339803695679,0.00993754155933857,0.8746660351753235,0.8763430118560791,0.0016769766807556152,84.44444444444444,84.69135802469135,0.24691358024691112,0.7643834352493286,4.0
01042.mp4,30,6.2,1.3514193296432495,0.009569334797561169,0.8675618767738342,0.8682366013526917,0.0006747866282239556,84.09876543209876,84.44444444444444,0.3456790123456841,0.7647578120231628,4.296296296296296
01042.mp4,31,6.4,1.3165090084075928,0.005374496802687645,0.8625456690788269,0.8642815351486206,0.0017359168268740177,81.48148148148148,81.87654320987654,0.3950617283950635,0.7645422220230103,5.234567901234568
01042.mp4,32,6.6,1.9655033349990845,0.005424699280411005,0.83448326587677,0.8376626372337341,0.0031793895177543163,73.4320987654321,74.0246913580247,0.5925925925925952,0.7648879289627075,7.160493827160494
01042.mp4,33,6.8,1.7854126691818237,0.004946616478264332,0.8301085233688354,0.8347525596618652,0.004644056316465139,74.76543209876543,75.75308641975309,0.9876543209876587,0.7648051381111145,6.518518518518518
01042.mp4,34,7.0,1.494360327720642,0.009730915538966656,0.8095914125442505,0.8171684741973877,0.007577111944556236,73.33333333333333,74.51851851851852,1.1851851851851904,0.7647587060928345,4.395061728395062
01042.mp4,35,7.2,1.2093918323516846,0.013753789477050304,0.8023754358291626,0.8014084100723267,-0.000967081927228719,73.67901234567901,73.62962962962963,-0.04938271604937938,0.7646345496177673,4.345679012345679
01042.mp4,36,7.4,0.6230481863021851,0.00905207172036171,0.8139220476150513,0.8140268325805664,0.00010484055383130908,74.5679012345679,74.61728395061729,0.049382716049393593,0.7650452256202698,1.432098765432099
01042.mp4,37,7.6,0.5761851072311401,0.005609166342765093,0.8559812307357788,0.8565213680267334,0.0005402081296779215,82.41975308641976,82.71604938271605,0.2962962962962905,0.7645430564880371,1.6296296296296295
01042.mp4,38,7.8,0.98304283618927,0.005190977826714516,0.8807432651519775,0.8800071477890015,-0.0007361444877460599,87.1604938271605,87.01234567901236,-0.14814814814813815,0.7645848989486694,3.901234567901234
01042.mp4,39,8.0,0.814146876335144,0.008407682180404663,0.8765868544578552,0.876282811164856,-0.00030410016188398004,85.48148148148148,85.67901234567901,0.19753086419753174,0.7646459341049194,3.0617283950617287
01042.mp4,40,8.2,0.5602499842643738,0.008700486272573471,0.8896914720535278,0.890218198299408,0.0005268128588795662,87.90123456790123,88.0,0.09876543209877298,0.7644092440605164,1.876543209876543
01042.mp4,41,8.4,0.6660046577453613,0.006548724602907896,0.8979501724243164,0.8986430764198303,0.0006929459050297737,88.98765432098766,89.38271604938272,0.3950617283950635,0.7641329169273376,3.0617283950617287
01042.mp4,42,8.6,0.7845982313156128,0.006775274872779846,0.8956475853919983,0.896019458770752,0.00037187166162766516,88.69135802469135,88.74074074074075,0.049382716049393593,0.7644262313842773,3.753086419753086
01042.mp4,43,8.8,1.0378204584121704,0.007637668866664171,0.882680356502533,0.884442925453186,0.001762626226991415,85.4320987654321,86.22222222222223,0.790123456790127,0.764217734336853,4.296296296296296
01042.mp4,44,9.0,1.2017849683761597,0.011102212592959404,0.8751222491264343,0.8763288855552673,0.0012066365452483296,85.58024691358025,85.77777777777777,0.19753086419751753,0.7645120024681091,5.679012345679013
01042.mp4,45,9.2,1.3756638765335083,0.012544508092105389,0.8675329089164734,0.8709309697151184,0.003398124361410737,81.67901234567901,82.91358024691358,1.2345679012345698,0.7662245035171509,6.37037037037037
01042.mp4,46,9.4,2.0279650688171387,0.010367291048169136,0.8524696230888367,0.8562220931053162,0.003752447897568345,77.4320987654321,78.81481481481481,1.382716049382708,0.7672677040100098,8.444444444444445
01042.mp4,47,9.6,1.8168771266937256,0.012547152116894722,0.8468554615974426,0.8505744338035583,0.00371892424300313,77.03703703703704,77.77777777777779,0.7407407407407476,0.766778290271759,8.049382716049383
01042.mp4,48,9.8,1.4244288206100464,0.011393297463655472,0.8550257086753845,0.8579171299934387,0.0028914420399814844,80.09876543209876,80.98765432098766,0.8888888888888999,0.7658634781837463,5.9753086419753085
01042.mp4,49,10.0,1.47921884059906,0.01624998264014721,0.8539642691612244,0.8562439680099487,0.002279680920764804,78.5679012345679,79.50617283950618,0.9382716049382793,0.7662218809127808,6.074074074074074
01042.mp4,50,10.2,1.6158198118209839,0.015145792625844479,0.8487603068351746,0.8512849807739258,0.0025246269069612026,77.92592592592592,78.66666666666666,0.7407407407407334,0.7655639052391052,6.271604938271605
01042.mp4,51,10.4,1.2056514024734497,0.00889293197542429,0.8572717905044556,0.8596065640449524,0.0023347511887550354,78.66666666666666,79.35802469135803,0.6913580246913682,0.7658899426460266,4.790123456790123
01042.mp4,52,10.6,1.1818240880966187,0.008276805281639099,0.8737263083457947,0.8764532804489136,0.0027270058635622263,83.06172839506173,83.7037037037037,0.6419753086419604,0.7659713625907898,4.691358024691358
01042.mp4,53,10.8,1.0879477262496948,0.007234843913465738,0.8817100524902344,0.884381115436554,0.0026709765661507845,85.77777777777777,86.51851851851852,0.7407407407407476,0.7652372717857361,4.691358024691358
01042.mp4,54,11.0,1.028210997581482,0.00787475984543562,0.892220675945282,0.8934757113456726,0.0012550029205158353,88.24691358024691,88.5925925925926,0.3456790123456841,0.765564501285553,4.0
01042.mp4,55,11.2,1.016126275062561,0.0087114367634058,0.8867784142494202,0.8890841007232666,0.0023056361824274063,86.17283950617283,86.66666666666667,0.49382716049383646,0.766225278377533,3.950617283950617
01042.mp4,56,11.4,0.9161875247955322,0.006699688732624054,0.8872901201248169,0.8884336352348328,0.0011435843771323562,85.97530864197532,86.27160493827161,0.2962962962962905,0.7667122483253479,3.259259259259259
01042.mp4,57,11.6,0.8201364278793335,0.008266016840934753,0.8966925740242004,0.8958333134651184,-0.0008592832018621266,88.14814814814815,87.80246913580247,-0.3456790123456841,0.7665714025497437,2.617283950617284
01042.mp4,58,11.8,0.7464743256568909,0.00781831331551075,0.896776020526886,0.8974781632423401,0.0007021597120910883,88.0,88.34567901234568,0.3456790123456841,0.7668712735176086,2.419753086419753
01042.mp4,59,12.0,0.5748166441917419,0.009096922352910042,0.906450629234314,0.906367301940918,-8.33033918752335e-05,90.96296296296296,90.81481481481481,-0.14814814814815236,0.7670860290527344,1.925925925925926
01042.mp4,60,12.2,0.5610885620117188,0.008439471013844013,0.9131712913513184,0.9125081300735474,-0.0006631951546296477,92.19753086419753,92.0,-0.19753086419753174,0.7675430178642273,1.728395061728395
01042.mp4,61,12.4,0.41363686323165894,0.006564255338162184,0.9284375309944153,0.9284119606018066,-2.5608127543819137e-05,95.06172839506173,95.06172839506173,0.0,0.7675296664237976,0.04938271604938272
01042.mp4,62,12.6,0.315883606672287,0.007012043613940477,0.9361537098884583,0.9361537098884583,0.0,95.11111111111111,95.11111111111111,0.0,0.7678008079528809,0.0
01042.mp4,63,12.8,0.33435919880867004,0.006923362147063017,0.9330415725708008,0.933046281337738,4.72851752419956e-06,94.66666666666667,94.66666666666667,0.0,0.7689179182052612,0.09876543209876544
01042.mp4,64,13.0,0.38524070382118225,0.008317932486534119,0.9307599067687988,0.9310505390167236,0.00029064167756587267,95.06172839506173,95.11111111111111,0.04938271604937938,0.7693659663200378,0.7407407407407408
01042.mp4,65,13.2,0.33724111318588257,0.007765134796500206,0.9368237257003784,0.9372944235801697,0.0004707240150310099,94.71604938271605,94.76543209876543,0.04938271604937938,0.769292950630188,1.037037037037037
01042.mp4,66,13.4,0.3486458361148834,0.007008947432041168,0.9382869005203247,0.9386624693870544,0.0003755481156986207,95.7037037037037,95.75308641975309,0.049382716049393593,0.7697251439094543,1.2345679012345678
01042.mp4,67,13.6,0.36167845129966736,0.007264839485287666,0.9412861466407776,0.9416860342025757,0.0003998595930170268,95.25925925925925,95.60493827160494,0.3456790123456841,0.7688014507293701,1.2345679012345678
01042.mp4,68,13.8,0.3615940809249878,0.007262932602316141,0.9329928159713745,0.9338456392288208,0.0008528612670488656,94.91358024691358,95.4074074074074,0.49382716049382225,0.770229697227478,1.2839506172839505
01042.mp4,69,14.0,0.36210212111473083,0.007916387170553207,0.9327547550201416,0.9342857003211975,0.0015309734735637903,94.76543209876543,95.4074074074074,0.6419753086419746,0.7684628367424011,1.3827160493827162
01042.mp4,70,14.2,0.5761194825172424,0.007444649934768677,0.9286785125732422,0.9289454221725464,0.00026691914536058903,93.72839506172839,93.82716049382715,0.09876543209875877,0.7673808932304382,2.9135802469135803
01042.mp4,71,14.4,0.5754432678222656,0.006453759968280792,0.9354481101036072,0.9354453682899475,-2.716146809689235e-06,95.06172839506173,95.01234567901234,-0.049382716049393593,0.7671720385551453,2.666666666666667
01042.mp4,72,14.6,0.6824930906295776,0.006051782052963972,0.9308431148529053,0.9312799572944641,0.00043680932139977813,93.87654320987654,94.12345679012346,0.24691358024691112,0.768085777759552,2.9135802469135803
01042.mp4,73,14.8,0.7338913679122925,0.006658511236310005,0.9249359965324402,0.9250930547714233,0.00015713050379417837,93.53086419753086,93.82716049382715,0.2962962962962905,0.7679617404937744,3.0123456790123457
01042.mp4,74,15.0,0.9688629508018494,0.007607361767441034,0.921309232711792,0.9202866554260254,-0.0010226466692984104,92.49382716049382,92.24691358024691,-0.24691358024691112,0.7673307657241821,4.098765432098765
01042.mp4,75,15.2,1.2187669277191162,0.0070167966187000275,0.9181033968925476,0.9156716465950012,-0.0024317416828125715,91.60493827160494,91.1604938271605,-0.44444444444444287,0.7669447660446167,5.08641975308642
01042.mp4,76,15.4,1.5704413652420044,0.004421037156134844,0.8999183773994446,0.8989454507827759,-0.0009729248122312129,86.71604938271605,87.01234567901236,0.2962962962963047,0.7668063044548035,5.8765432098765435
01042.mp4,77,15.6,1.8050981760025024,0.004095993470400572,0.9134012460708618,0.9133599996566772,-4.131964669795707e-05,89.23456790123456,89.08641975308642,-0.14814814814813815,0.7637661695480347,7.604938271604938
01042.mp4,78,15.8,2.570298194885254,0.004806455224752426,0.8949288725852966,0.8949971199035645,6.828378536738455e-05,86.91358024691358,86.12345679012346,-0.790123456790127,0.7644895911216736,8.19753086419753
01042.mp4,79,16.0,0.9589086174964905,0.00530038308352232,0.8730726838111877,0.8758518695831299,0.002779145259410143,82.46913580246914,82.71604938271605,0.24691358024691112,0.7665932774543762,3.851851851851852
01042.mp4,80,16.2,1.413509726524353,0.005324989557266235,0.8646381497383118,0.8657023906707764,0.0010642327833920717,79.75308641975309,79.7037037037037,-0.049382716049393593,0.7687506079673767,6.0246913580246915
01042.mp4,81,16.4,0.9906715154647827,0.005466053262352943,0.8690024018287659,0.8693760633468628,0.00037361987051554024,80.98765432098766,80.79012345679011,-0.19753086419754595,0.7696108222007751,3.5555555555555554
01042.mp4,82,16.6,0.8909706473350525,0.005261871963739395,0.8782011270523071,0.8776953816413879,-0.0005057703237980604,83.55555555555556,83.65432098765432,0.09876543209875877,0.7672467231750488,3.45679012345679
01042.mp4,83,16.8,0.24852995574474335,0.005661877803504467,0.8807396292686462,0.8806082606315613,-0.00013143282558303326,83.35802469135803,83.35802469135803,0.0,0.7712913751602173,1.0864197530864197
01042.mp4,84,17.0,0.14363257586956024,0.007068457547575235,0.894609808921814,0.8945839405059814,-2.586167465778999e-05,88.09876543209877,88.09876543209877,0.0,0.7732442617416382,0.5925925925925926
01042.mp4,85,17.2,0.2299468070268631,0.007835096679627895,0.9206233024597168,0.9207065105438232,8.316797902807593e-05,91.35802469135803,91.30864197530865,-0.04938271604937938,0.7744969129562378,0.7407407407407408
01042.mp4,86,17.4,0.02629123628139496,0.006335544865578413,0.9438429474830627,0.9438429474830627,0.0,96.24691358024691,96.24691358024691,0.0,0.7746426463127136,0.0
01042.mp4,87,17.6,0.02710113488137722,0.0062977829948067665,0.9456621408462524,0.9456621408462524,0.0,95.90123456790124,95.90123456790124,0.0,0.7743275761604309,0.0
01042.mp4,88,17.8,0.026574157178401947,0.006876629311591387,0.9465072751045227,0.9465072751045227,0.0,95.65432098765432,95.65432098765432,0.0,0.7757630348205566,0.0
01043.mp4,0,0.2,1.148937463760376,0.41802236437797546,0.9534541368484497,0.9554015398025513,0.00194738176651299,95.06172839506173,95.85185185185185,0.7901234567901128,0.7788639068603516,3.506172839506173
01043.mp4,1,0.4,1.1375535726547241,0.3524262011051178,0.9505806565284729,0.950537919998169,-4.2739560740301386e-05,94.66666666666667,94.37037037037037,-0.2962962962963047,0.7803341746330261,4.246913580246914
01043.mp4,2,0.6,1.2911113500595093,0.4506520926952362,0.9404851198196411,0.9444752335548401,0.003990103956311941,93.23456790123457,94.27160493827161,1.037037037037038,0.7812695503234863,4.7407407407407405
01043.mp4,3,0.8,1.3452516794204712,0.38809138536453247,0.9533135294914246,0.9571235775947571,0.0038100823294371367,95.4074074074074,96.29629629629629,0.8888888888888857,0.777376115322113,4.987654320987654
01043.mp4,4,1.0,1.3777276277542114,0.5539814829826355,0.9440338611602783,0.9471251368522644,0.0030912470538169146,94.51851851851852,95.25925925925925,0.7407407407407334,0.780158519744873,4.888888888888889
01043.mp4,5,1.2,1.5967068672180176,0.7675105333328247,0.9476032853126526,0.9497352838516235,0.00213204906322062,94.22222222222221,94.51851851851852,0.2962962962963047,0.7851232886314392,4.691358024691358
01043.mp4,6,1.4,1.4333404302597046,0.696375846862793,0.96043461561203,0.9634376168251038,0.0030029253102838993,95.7037037037037,96.49382716049382,0.790123456790127,0.7838692665100098,4.395061728395062
01043.mp4,7,1.6,1.1293374300003052,0.2789200246334076,0.9650120735168457,0.9673929214477539,0.0023809236008673906,96.44444444444444,96.79012345679013,0.3456790123456841,0.7795225977897644,3.851851851851852
01043.mp4,8,1.8,1.0230005979537964,0.23904778063297272,0.9639960527420044,0.9656710624694824,0.001675046980381012,96.64197530864197,96.93827160493828,0.2962962962963047,0.7735159993171692,3.2098765432098766
01043.mp4,9,2.0,0.9507046341896057,0.24216383695602417,0.9677590727806091,0.9694806337356567,0.0017215207917615771,97.4320987654321,97.97530864197532,0.5432098765432158,0.773009717464447,3.5555555555555554
01043.mp4,10,2.2,0.9288032650947571,0.2378547042608261,0.9630773663520813,0.9649935960769653,0.001916231820359826,97.03703703703704,97.48148148148148,0.44444444444444287,0.7763480544090271,3.308641975308642
01043.mp4,11,2.4,0.9493139982223511,0.2650454044342041,0.9701521992683411,0.9718067646026611,0.0016545300604775548,97.28395061728395,97.48148148148148,0.19753086419753174,0.7762514352798462,3.259259259259259
01043.mp4,12,2.6,0.8232549428939819,0.11438942700624466,0.9724287986755371,0.9731947779655457,0.000766000070143491,97.18518518518519,97.4320987654321,0.24691358024691112,0.7738874554634094,3.259259259259259
01043.mp4,13,2.8,0.8653460741043091,0.15916325151920319,0.9719899296760559,0.9742862582206726,0.002296274993568659,97.53086419753086,98.0246913580247,0.49382716049383646,0.7743319869041443,3.506172839506173
01043.mp4,14,3.0,0.9447677731513977,0.13579274713993073,0.9729157090187073,0.9751452207565308,0.0022295459639281034,97.82716049382717,97.92592592592592,0.09876543209875877,0.7724224925041199,4.098765432098765
01043.mp4,15,3.2,1.0015687942504883,0.18361128866672516,0.9671047925949097,0.9678937196731567,0.0007888811524026096,97.28395061728395,97.53086419753086,0.24691358024691112,0.7730193734169006,3.308641975308642
01043.mp4,16,3.4,0.9766950607299805,0.2650492191314697,0.9655975103378296,0.9659443497657776,0.00034680881071835756,97.18518518518519,97.33333333333334,0.14814814814815236,0.7754791975021362,2.814814814814815
01043.mp4,17,3.6,1.1358245611190796,0.3293255567550659,0.9629867672920227,0.9625353217124939,-0.0004514809406828135,96.04938271604938,96.14814814814815,0.09876543209877298,0.7820889949798584,3.4074074074074074
01043.mp4,18,3.8,0.718757688999176,0.2255210131406784,0.9630308151245117,0.9627227783203125,-0.0003079612797591835,96.19753086419753,96.0,-0.19753086419753174,0.7804203629493713,1.4814814814814816
01043.mp4,19,4.0,1.0408754348754883,0.2310236245393753,0.9542782306671143,0.9552795886993408,0.0010012878337875009,94.91358024691358,95.06172839506173,0.14814814814815236,0.7827900648117065,3.0617283950617287
01043.mp4,20,4.2,0.5196341276168823,0.23296520113945007,0.9620159268379211,0.9621290564537048,0.00011312276910757646,96.54320987654322,96.64197530864197,0.09876543209875877,0.7868026494979858,0.7901234567901235
01043.mp4,21,4.4,1.1809840202331543,0.17803175747394562,0.9709613919258118,0.9720157980918884,0.001054433174431324,97.33333333333334,97.58024691358025,0.24691358024691112,0.7772772908210754,3.802469135802469
01043.mp4,22,4.6,1.175301194190979,0.14753136038780212,0.9710531234741211,0.9708724021911621,-0.0001807732624001801,97.03703703703704,96.49382716049382,-0.5432098765432158,0.7730635404586792,4.345679012345679
01043.mp4,23,4.8,0.8948255181312561,0.11681261658668518,0.975100576877594,0.9752294421195984,0.0001288585044676438,97.62962962962963,97.38271604938271,-0.24691358024692533,0.7825425863265991,3.7037037037037033
01043.mp4,24,5.0,0.7285590767860413,0.09309162944555283,0.9765920639038086,0.9756073951721191,-0.0009846508037298918,97.53086419753086,97.28395061728395,-0.24691358024691112,0.7821704745292664,2.666666666666667
01043.mp4,25,5.2,0.7539957165718079,0.08222559094429016,0.9701346755027771,0.9695802927017212,-0.0005543738370761275,97.28395061728395,96.88888888888889,-0.3950617283950635,0.7769913673400879,3.2098765432098766
01043.mp4,26,5.4,0.5332915186882019,0.0307178758084774,0.9804490208625793,0.978446364402771,-0.002002650173380971,98.22222222222223,97.58024691358025,-0.6419753086419746,0.7777627110481262,2.617283950617284
01043.mp4,27,5.6,0.46310192346572876,0.054683808237314224,0.9832742214202881,0.9835538864135742,0.00027966382913291454,98.37037037037038,98.41975308641975,0.04938271604936517,0.7768682241439819,1.6296296296296295
01043.mp4,28,5.8,0.380337119102478,0.04152876138687134,0.9842082262039185,0.9839842319488525,-0.00022391349193640053,98.37037037037038,98.32098765432099,-0.049382716049393593,0.7811839580535889,1.7777777777777777
01043.mp4,29,6.0,0.30058667063713074,0.04674931988120079,0.9842239618301392,0.9839489459991455,-0.0002749640552792698,98.5679012345679,98.51851851851852,-0.04938271604937938,0.7819857001304626,1.2839506172839505
01043.mp4,30,6.2,0.305192768573761,0.06481341272592545,0.9807597398757935,0.9802089333534241,-0.0005508014583028853,98.66666666666667,98.27160493827161,-0.3950617283950635,0.7804642915725708,0.9382716049382716
01043.mp4,31,6.4,0.2677202820777893,0.07600976526737213,0.9841283559799194,0.9835630655288696,-0.000565253896638751,98.51851851851852,98.46913580246913,-0.049382716049393593,0.7848893404006958,0.6913580246913581
01043.mp4,32,6.6,0.13698844611644745,0.06511277705430984,0.9866078495979309,0.9864567518234253,-0.0001509939320385456,99.25925925925925,99.20987654320987,-0.04938271604937938,0.7862597703933716,0.04938271604938272
01043.mp4,33,6.8,0.1123356968164444,0.04298175126314163,0.9876198768615723,0.9876453876495361,2.553928061388433e-05,99.06172839506173,99.06172839506173,0.0,0.7818412184715271,0.04938271604938272
01043.mp4,34,7.0,0.15304572880268097,0.05071179196238518,0.986687183380127,0.986687183380127,0.0,99.20987654320987,99.20987654320987,0.0,0.7798880934715271,0.0
01043.mp4,35,7.2,0.3794823884963989,0.13983222842216492,0.9728978276252747,0.9728978276252747,0.0,97.97530864197532,97.97530864197532,0.0,0.7782296538352966,0.0
01043.mp4,36,7.4,0.5694574117660522,0.20961783826351166,0.9527931213378906,0.9527851939201355,-7.987581739143934e-06,94.66666666666667,94.66666666666667,0.0,0.7740055918693542,0.7407407407407408
01043.mp4,37,7.6,1.0654419660568237,0.5671421885490417,0.9053434729576111,0.9070248603820801,0.0016813810216262937,87.25925925925925,87.55555555555556,0.2962962962963047,0.7772241234779358,2.7160493827160495
01043.mp4,38,7.8,1.64620840549469,0.9648884534835815,0.8216277360916138,0.8228453397750854,0.0012176907621324062,74.76543209876543,74.5679012345679,-0.19753086419753174,0.7816548347473145,3.0617283950617287
01043.mp4,39,8.0,3.1421992778778076,2.2853145599365234,0.784523069858551,0.7845482230186462,2.5193574401782826e-05,68.19753086419753,68.64197530864197,0.44444444444444287,0.7866653203964233,8.839506172839506
01043.mp4,40,8.2,4.776613235473633,3.0017566680908203,0.7708314061164856,0.7903953194618225,0.019563935697078705,61.876543209876544,68.19753086419753,6.320987654320987,0.7907042503356934,33.827160493827165
01043.mp4,41,8.4,6.699942588806152,3.2494935989379883,0.7977933287620544,0.8540814518928528,0.05628807470202446,64.34567901234568,77.92592592592592,13.58024691358024,0.7892377376556396,41.67901234567901
01043.mp4,42,8.6,8.872223854064941,3.936724901199341,0.8064011335372925,0.8547484874725342,0.048347342759370804,65.9753086419753,75.60493827160494,9.629629629629633,0.79005366563797,46.46913580246913
01043.mp4,43,8.8,11.685672760009766,6.997496128082275,0.8047769665718079,0.8685030937194824,0.06372617185115814,63.60493827160494,78.22222222222223,14.617283950617292,0.7895902395248413,48.49382716049383
01043.mp4,44,9.0,12.690244674682617,6.087083339691162,0.7850862741470337,0.8342169523239136,0.04913065582513809,62.07407407407407,72.49382716049382,10.419753086419753,0.7885774970054626,46.666666666666664
01043.mp4,45,9.2,11.29041862487793,4.724009037017822,0.7605922222137451,0.8048056364059448,0.04421350732445717,58.617283950617285,69.1358024691358,10.518518518518512,0.7844375967979431,44.34567901234568
01043.mp4,46,9.4,13.793523788452148,8.309049606323242,0.7091576457023621,0.7661342620849609,0.056976597756147385,48.93827160493827,58.51851851851851,9.58024691358024,0.7875624299049377,50.17283950617284
01043.mp4,47,9.6,14.640338897705078,11.921638488769531,0.6990864872932434,0.7743422985076904,0.07525580376386642,46.370370370370374,60.79012345679013,14.419753086419753,0.7914062738418579,53.382716049382715
01043.mp4,48,9.8,12.744473457336426,5.432282447814941,0.7513177990913391,0.8078673481941223,0.056549616158008575,56.04938271604938,69.33333333333334,13.283950617283963,0.7866905927658081,44.098765432098766
01043.mp4,49,10.0,9.391927719116211,5.606621265411377,0.7616547346115112,0.7756767272949219,0.014021921902894974,57.28395061728395,61.679012345679006,4.395061728395056,0.7831639051437378,45.23456790123457
01043.mp4,50,10.2,8.74725341796875,2.5652501583099365,0.7825290560722351,0.8002477884292603,0.017718788236379623,62.46913580246913,66.66666666666666,4.197530864197525,0.7790986895561218,37.135802469135804
01043.mp4,51,10.4,9.45323371887207,3.943263292312622,0.7780069708824158,0.7904824018478394,0.012475404888391495,60.29629629629629,63.11111111111111,2.8148148148148167,0.7832418084144592,43.111111111111114
01043.mp4,52,10.6,9.016127586364746,3.760185956954956,0.7744477987289429,0.7919265627861023,0.017478689551353455,58.81481481481482,62.66666666666667,3.8518518518518547,0.7847387194633484,43.01234567901235
01043.mp4,53,10.8,8.162345886230469,2.2563445568084717,0.7767887711524963,0.7954055666923523,0.018616734072566032,60.44444444444444,64.39506172839506,3.9506172839506206,0.783074140548706,39.45679012345679
01043.mp4,54,11.0,7.853899955749512,1.4494245052337646,0.7908961772918701,0.8141400218009949,0.023243864998221397,62.71604938271606,66.8641975308642,4.148148148148145,0.782215416431427,37.82716049382716
01043.mp4,55,11.2,8.403748512268066,1.0658464431762695,0.8047545552253723,0.8499082326889038,0.04515371099114418,65.67901234567901,76.69135802469135,11.012345679012341,0.7788262367248535,37.03703703703704
01043.mp4,56,11.4,7.844358921051025,0.7792989611625671,0.8327535390853882,0.8676967620849609,0.03494323045015335,71.11111111111111,79.1604938271605,8.04938271604938,0.7791642546653748,36.592592592592595
01043.mp4,57,11.6,7.532582759857178,0.641572117805481,0.8457984328269958,0.8750466704368591,0.029248256236314774,73.72839506172839,80.39506172839506,6.666666666666671,0.7796475887298584,36.592592592592595
01043.mp4,58,11.8,6.008255958557129,0.49253350496292114,0.8642273545265198,0.8794053792953491,0.015178087167441845,76.98765432098766,80.34567901234568,3.3580246913580254,0.7758790254592896,29.629629629629626
01043.mp4,59,12.0,5.625280380249023,0.42422884702682495,0.8725695610046387,0.8873482346534729,0.014778651297092438,78.8641975308642,82.12345679012346,3.2592592592592524,0.7767853140830994,26.962962962962962
01043.mp4,60,12.2,6.611015319824219,0.4550202190876007,0.8656966686248779,0.8811355829238892,0.015438893809914589,78.61728395061729,81.9753086419753,3.358024691358011,0.7758146524429321,27.209876543209877
01043.mp4,61,12.4,6.041276931762695,0.23868879675865173,0.878053605556488,0.8886680603027344,0.010614474304020405,80.24691358024691,82.86419753086419,2.617283950617278,0.7743624448776245,25.185185185185183
01043.mp4,62,12.6,5.261708736419678,0.13440634310245514,0.8812713027000427,0.8928462862968445,0.011574940755963326,80.14814814814815,83.06172839506173,2.9135802469135825,0.7744578123092651,24.88888888888889
01043.mp4,63,12.8,5.368081569671631,0.1524272859096527,0.8858534097671509,0.8952624797821045,0.009409015066921711,80.54320987654322,84.04938271604938,3.5061728395061635,0.7756388783454895,26.123456790123456
01043.mp4,64,13.0,5.3382039070129395,0.14911599457263947,0.8764243721961975,0.887031614780426,0.010607194155454636,78.37037037037037,80.74074074074075,2.370370370370381,0.7766708731651306,25.97530864197531
01043.mp4,65,13.2,4.973606109619141,0.18306133151054382,0.8794466257095337,0.8941038250923157,0.014657245017588139,79.35802469135803,82.96296296296296,3.6049382716049365,0.7758141756057739,25.333333333333336
01043.mp4,66,13.4,5.103266716003418,0.22622890770435333,0.8907226324081421,0.9069260954856873,0.016203448176383972,81.28395061728395,85.67901234567901,4.3950617283950635,0.7748905420303345,24.938271604938272
01043.mp4,67,13.6,5.599594593048096,0.20081567764282227,0.8730126023292542,0.8922327160835266,0.01922018826007843,78.22222222222223,82.61728395061728,4.395061728395049,0.7754029035568237,26.864197530864196
01043.mp4,68,13.8,6.010953903198242,0.3414131700992584,0.8688023090362549,0.8872750401496887,0.018472682684659958,76.5925925925926,81.9753086419753,5.382716049382708,0.7765597701072693,29.48148148148148
01043.mp4,69,14.0,6.499866008758545,0.2576383948326111,0.8652337789535522,0.8774535059928894,0.012219781056046486,76.5925925925926,79.65432098765433,3.061728395061735,0.7780519127845764,30.91358024691358
01043.mp4,70,14.2,5.731516361236572,0.23393549025058746,0.8692357540130615,0.8818097114562988,0.012573939748108387,77.03703703703704,80.04938271604938,3.0123456790123413,0.7758535146713257,26.71604938271605
01043.mp4,71,14.4,5.266468048095703,0.3434320390224457,0.86835116147995,0.8822290897369385,0.013877968303859234,77.62962962962962,80.74074074074075,3.1111111111111285,0.7752360701560974,25.728395061728392
01043.mp4,72,14.6,5.180373668670654,0.3101847469806671,0.8622279167175293,0.8796984553337097,0.017470572143793106,77.67901234567901,81.38271604938272,3.7037037037037095,0.7741785049438477,23.01234567901235
01043.mp4,73,14.8,4.642073631286621,0.3222765028476715,0.8543898463249207,0.8723096251487732,0.01791975647211075,75.50617283950616,78.81481481481481,3.308641975308646,0.7766587138175964,22.567901234567902
01043.mp4,74,15.0,4.585659980773926,0.6455435752868652,0.846196711063385,0.8571205735206604,0.010923896916210651,73.53086419753086,75.55555555555556,2.024691358024697,0.7773891091346741,21.48148148148148
01043.mp4,75,15.2,5.5021257400512695,0.6738647818565369,0.8178722262382507,0.8299350738525391,0.01206278707832098,70.37037037037037,72.88888888888889,2.518518518518519,0.7780133485794067,23.901234567901234
01043.mp4,76,15.4,4.559384346008301,0.3089488446712494,0.8267773389816284,0.8346408009529114,0.007863430306315422,70.41975308641976,71.80246913580247,1.382716049382708,0.7765908241271973,21.975308641975307
01043.mp4,77,15.6,4.915399074554443,0.30003365874290466,0.8233180046081543,0.8396230936050415,0.01630503684282303,70.5679012345679,74.46913580246914,3.9012345679012412,0.7762966752052307,24.395061728395063
01043.mp4,78,15.8,6.156488418579102,0.23184917867183685,0.8227097988128662,0.8452005982398987,0.022490864619612694,70.32098765432099,75.1111111111111,4.790123456790113,0.7764386534690857,25.82716049382716
01043.mp4,79,16.0,6.611182689666748,0.22098125517368317,0.8447350859642029,0.8656395077705383,0.02090448886156082,73.33333333333333,77.9753086419753,4.641975308641975,0.7756167054176331,29.185185185185187
01043.mp4,80,16.2,6.411348342895508,0.2017921358346939,0.8367927074432373,0.8576260805130005,0.020833412185311317,72.24691358024693,77.33333333333333,5.086419753086403,0.7778486609458923,31.11111111111111
01043.mp4,81,16.4,6.821281909942627,0.17440776526927948,0.8468425869941711,0.8599322438240051,0.013089753687381744,73.38271604938271,75.70370370370371,2.3209876543210015,0.7781689763069153,31.654320987654323
01043.mp4,82,16.6,4.624949932098389,0.5444303750991821,0.8382514715194702,0.851076602935791,0.012825184501707554,71.4074074074074,74.66666666666667,3.2592592592592666,0.7783327102661133,25.432098765432098
01043.mp4,83,16.8,5.10270357131958,0.509657084941864,0.8370402455329895,0.850726306438446,0.013686118647456169,71.90123456790124,74.76543209876543,2.864197530864189,0.7765398621559143,26.271604938271604
01043.mp4,84,17.0,5.639589309692383,0.47702303528785706,0.849997341632843,0.8715003132820129,0.02150295302271843,74.91358024691358,79.95061728395062,5.037037037037038,0.7755431532859802,26.71604938271605
01043.mp4,85,17.2,6.155340671539307,0.3596758246421814,0.8446239829063416,0.861158013343811,0.016534071415662766,72.88888888888889,77.38271604938272,4.4938271604938365,0.7759467363357544,29.28395061728395
01043.mp4,86,17.4,6.391417026519775,0.25015494227409363,0.8333929181098938,0.8476186394691467,0.014225679449737072,70.22222222222221,73.62962962962963,3.407407407407419,0.7752454876899719,28.54320987654321
01043.mp4,87,17.6,6.509840965270996,0.9772552251815796,0.791644811630249,0.7995513677597046,0.007906550541520119,64.44444444444444,66.37037037037037,1.9259259259259238,0.7752374410629272,27.950617283950617
01043.mp4,88,17.8,5.741898059844971,1.1052753925323486,0.7827197909355164,0.7929062843322754,0.010186419822275639,62.864197530864196,65.28395061728395,2.419753086419753,0.7786051034927368,28.000000000000004
01043.mp4,89,18.0,5.951977252960205,1.7280102968215942,0.7524504661560059,0.7551955580711365,0.002745064441114664,57.82716049382716,59.01234567901235,1.1851851851851904,0.7784972786903381,28.444444444444443
01043.mp4,90,18.2,4.623786449432373,0.8101196885108948,0.7735871076583862,0.7749155759811401,0.0013284360757097602,62.37037037037037,62.76543209876543,0.3950617283950635,0.7783529758453369,23.209876543209877
01043.mp4,91,18.4,5.1736345291137695,0.20395439863204956,0.7903428673744202,0.8021609783172607,0.011818122118711472,64.74074074074075,67.55555555555556,2.8148148148148096,0.7754166722297668,24.049382716049383
01043.mp4,92,18.6,4.974447727203369,0.09715665876865387,0.8224616646766663,0.8378487825393677,0.015387107618153095,68.39506172839506,72.88888888888889,4.493827160493822,0.7751734852790833,24.19753086419753
01043.mp4,93,18.8,4.937873363494873,0.06072612106800079,0.8141403794288635,0.8336403965950012,0.019500091671943665,66.76543209876543,72.09876543209876,5.333333333333329,0.7761052250862122,27.30864197530864
01043.mp4,94,19.0,5.640336990356445,0.13398750126361847,0.8081637024879456,0.8402661085128784,0.03210241720080376,66.76543209876543,74.0246913580247,7.259259259259267,0.7739231586456299,26.864197530864196
01043.mp4,95,19.2,6.074406147003174,0.12626765668392181,0.7945200204849243,0.8287478685379028,0.034227874130010605,65.87654320987654,73.72839506172839,7.851851851851848,0.7733737826347351,27.753086419753085
01043.mp4,96,19.4,6.098592281341553,0.11582702398300171,0.7919189929962158,0.8163918256759644,0.024472827091813087,64.98765432098766,70.46913580246914,5.481481481481481,0.774763822555542,27.901234567901234
01043.mp4,97,19.6,8.397018432617188,0.09611784666776657,0.769658088684082,0.8161342740058899,0.04647614806890488,60.098765432098766,70.5679012345679,10.469135802469133,0.7766026258468628,31.308641975308642
01043.mp4,98,19.8,5.906933307647705,0.17872254550457,0.7709869146347046,0.7675519585609436,-0.0034349472261965275,61.62962962962963,62.37037037037037,0.7407407407407334,0.7781657576560974,30.320987654320987
01043.mp4,99,20.0,5.226011753082275,0.21475709974765778,0.7617232203483582,0.7567961812019348,-0.004927073139697313,60.24691358024692,59.75308641975309,-0.49382716049382935,0.7767648100852966,26.765432098765434
01043.mp4,100,20.2,5.666503429412842,0.5093704462051392,0.7296199798583984,0.7260626554489136,-0.003557420801371336,55.35802469135802,55.75308641975308,0.3950617283950635,0.7774046063423157,27.50617283950617
01043.mp4,101,20.4,6.250961780548096,0.7636138796806335,0.7249191999435425,0.7281054854393005,0.003186224028468132,54.567901234567906,57.03703703703704,2.4691358024691326,0.779077410697937,31.209876543209873
01043.mp4,102,20.6,8.35559368133545,2.1035144329071045,0.7187697291374207,0.7286430597305298,0.009873329661786556,52.04938271604939,56.04938271604938,3.999999999999993,0.7816891670227051,39.45679012345679
01043.mp4,103,20.8,7.914620876312256,2.111976385116577,0.7333780527114868,0.7504246830940247,0.017046602442860603,54.666666666666664,58.617283950617285,3.9506172839506206,0.7803847193717957,35.75308641975309
01043.mp4,104,21.0,6.633403778076172,1.0882322788238525,0.7584434151649475,0.7675336599349976,0.009090259671211243,58.51851851851851,61.92592592592593,3.407407407407419,0.7797008752822876,34.76543209876543
01043.mp4,105,21.2,7.536591529846191,0.2091040015220642,0.7696385383605957,0.7908064126968384,0.02116786688566208,60.24691358024692,66.37037037037037,6.1234567901234485,0.7792905569076538,36.44444444444444
01043.mp4,106,21.4,10.007107734680176,0.11445857584476471,0.8066412210464478,0.832843542098999,0.02620236575603485,66.22222222222223,72.39506172839506,6.172839506172835,0.7784945368766785,38.96296296296296
01043.mp4,107,21.6,9.297066688537598,0.45512256026268005,0.7885468602180481,0.8183124661445618,0.02976560965180397,65.13580246913581,72.19753086419753,7.061728395061721,0.7763831615447998,36.04938271604938
01043.mp4,108,21.8,5.985250949859619,0.4712955057621002,0.8201954364776611,0.836818516254425,0.01662301830947399,69.28395061728395,74.12345679012346,4.839506172839506,0.7771057486534119,27.950617283950617
01043.mp4,109,22.0,8.161235809326172,0.48677152395248413,0.8305639028549194,0.8550667762756348,0.02450290322303772,70.61728395061728,76.09876543209877,5.481481481481495,0.7790945172309875,36.592592592592595
01043.mp4,110,22.2,7.62058162689209,0.7319313883781433,0.8245088458061218,0.8449346423149109,0.020425841212272644,70.41975308641976,75.35802469135803,4.938271604938265,0.7760074734687805,34.074074074074076
01043.mp4,111,22.4,7.086658000946045,0.5243179798126221,0.842900812625885,0.8656039237976074,0.022703051567077637,72.19753086419753,77.33333333333333,5.135802469135797,0.7778068780899048,32.098765432098766
01043.mp4,112,22.6,7.041900157928467,0.46525928378105164,0.8395552635192871,0.849438488483429,0.00988318957388401,70.86419753086419,72.93827160493828,2.0740740740740904,0.778978705406189,33.33333333333333
01043.mp4,113,22.8,7.10675048828125,0.6607986092567444,0.8380040526390076,0.8510510921478271,0.01304702740162611,71.25925925925925,74.17283950617283,2.9135802469135825,0.7793214321136475,33.086419753086425
01043.mp4,114,23.0,8.066617965698242,1.024983286857605,0.8034060597419739,0.815846860408783,0.01244076993316412,66.71604938271605,69.33333333333334,2.617283950617292,0.7773584127426147,32.93827160493827
01043.mp4,115,23.2,7.826525688171387,0.6894209980964661,0.8043493032455444,0.8122851252555847,0.007935743778944016,66.46913580246914,68.14814814814815,1.6790123456790127,0.7803232669830322,35.25925925925926
01043.mp4,116,23.4,8.499249458312988,0.6399460434913635,0.8154078125953674,0.8307141065597534,0.015306336805224419,67.60493827160494,70.96296296296296,3.3580246913580254,0.7799695730209351,35.75308641975309
01043.mp4,117,23.6,9.053437232971191,2.1828207969665527,0.806971549987793,0.8166586756706238,0.009687047451734543,65.4320987654321,67.01234567901234,1.5802469135802397,0.7820433974266052,37.77777777777778
01043.mp4,118,23.8,9.048259735107422,1.7387127876281738,0.7801456451416016,0.7994240522384644,0.019278371706604958,56.98765432098766,61.679012345679006,4.691358024691347,0.7813944220542908,38.864197530864196
01043.mp4,119,24.0,8.616262435913086,1.3863824605941772,0.8053884506225586,0.8294169306755066,0.024028446525335312,64.8395061728395,70.46913580246914,5.629629629629633,0.7817425727844238,37.876543209876544
01043.mp4,120,24.2,7.974720478057861,0.33144840598106384,0.8058175444602966,0.8256461024284363,0.019828638061881065,65.67901234567901,70.22222222222221,4.543209876543202,0.779373288154602,34.074074074074076
01043.mp4,121,24.4,8.173261642456055,0.16921326518058777,0.8035703301429749,0.8137953281402588,0.010225060395896435,66.81481481481481,69.4320987654321,2.617283950617292,0.7770282626152039,33.33333333333333
01043.mp4,122,24.6,6.877534866333008,0.141475647687912,0.8235827684402466,0.8306823372840881,0.007099614478647709,70.5679012345679,71.70370370370371,1.135802469135811,0.7759444713592529,30.22222222222222
01043.mp4,123,24.8,7.029917240142822,0.3008735477924347,0.8251794576644897,0.8359155654907227,0.010736041702330112,70.61728395061728,73.03703703703704,2.4197530864197603,0.7772163152694702,30.567901234567902
01043.mp4,124,25.0,7.066086769104004,0.2656276822090149,0.8433031439781189,0.8574807047843933,0.014177571050822735,72.88888888888889,75.40740740740742,2.5185185185185333,0.7754156589508057,30.17283950617284
01043.mp4,125,25.2,7.152811050415039,0.2751854956150055,0.8359549045562744,0.8435646891593933,0.0076097422279417515,71.60493827160494,73.53086419753086,1.9259259259259238,0.776806652545929,30.37037037037037
01043.mp4,126,25.4,6.920469760894775,0.2446816861629486,0.8433645367622375,0.8494452834129333,0.006080647464841604,72.04938271604938,73.82716049382717,1.7777777777777857,0.7757754921913147,29.432098765432098
01043.mp4,127,25.6,7.490320205688477,0.24730105698108673,0.8285021781921387,0.8371336460113525,0.008631444536149502,70.86419753086419,72.34567901234567,1.481481481481481,0.7754011154174805,30.91358024691358
01043.mp4,128,25.8,6.734646797180176,0.24900639057159424,0.8404895067214966,0.8452143669128418,0.004724916536360979,70.81481481481482,71.30864197530865,0.49382716049382225,0.7783958911895752,32.19753086419753
01043.mp4,129,26.0,6.5019049644470215,0.31591078639030457,0.8452998399734497,0.8521753549575806,0.006875564809888601,70.86419753086419,71.85185185185186,0.9876543209876729,0.7800344824790955,31.604938271604937
01043.mp4,130,26.2,6.214136600494385,0.24069367349147797,0.8421923518180847,0.8478142023086548,0.005621809978038073,71.65432098765432,72.64197530864197,0.9876543209876587,0.778048574924469,29.432098765432098
01043.mp4,131,26.4,7.186877250671387,0.13975460827350616,0.8569836020469666,0.8727115988731384,0.01572801172733307,73.28395061728395,76.79012345679013,3.5061728395061778,0.7775691747665405,30.22222222222222
01043.mp4,132,26.6,7.229946613311768,0.17614062130451202,0.8480752110481262,0.8710094094276428,0.02293424680829048,72.09876543209876,78.07407407407408,5.975308641975317,0.776208221912384,29.1358024691358
01043.mp4,133,26.8,7.510895252227783,0.18495158851146698,0.8396432995796204,0.8551341891288757,0.015490839257836342,71.90123456790124,74.66666666666667,2.76543209876543,0.7750515937805176,29.827160493827158
01043.mp4,134,27.0,7.394559860229492,0.22778721153736115,0.8260995745658875,0.8369030356407166,0.010803405195474625,69.23456790123457,72.64197530864197,3.4074074074074048,0.7767592668533325,32.592592592592595
01043.mp4,135,27.2,8.767598152160645,0.5228487253189087,0.8149218559265137,0.834002673625946,0.019080739468336105,68.49382716049382,72.09876543209876,3.6049382716049365,0.7775842547416687,35.50617283950617
01043.mp4,136,27.4,8.953025817871094,0.4846471846103668,0.8187313675880432,0.8357744216918945,0.0170430950820446,69.23456790123457,72.19753086419753,2.962962962962962,0.7791498899459839,36.74074074074074
01043.mp4,137,27.6,7.309555530548096,1.2807269096374512,0.7972405552864075,0.812289834022522,0.015049325302243233,64.34567901234568,67.60493827160494,3.2592592592592524,0.780423641204834,35.65432098765432
01043.mp4,138,27.8,6.331601142883301,1.4631109237670898,0.7883212566375732,0.7952908277511597,0.00696947518736124,64.39506172839506,66.12345679012346,1.728395061728392,0.7782942652702332,30.666666666666664
01043.mp4,139,28.0,6.087139129638672,1.518417239189148,0.8052769303321838,0.819486141204834,0.014209151268005371,66.8641975308642,70.07407407407408,3.209876543209873,0.7816406488418579,33.925925925925924
01043.mp4,140,28.2,7.8781538009643555,2.3060920238494873,0.8031299710273743,0.8034172654151917,0.0002873550110962242,66.37037037037037,65.9753086419753,-0.3950617283950635,0.7839609980583191,41.28395061728395
01043.mp4,141,28.4,7.920781135559082,2.245948076248169,0.7745617032051086,0.7736750841140747,-0.0008866032003425062,62.27160493827161,62.17283950617284,-0.09876543209876587,0.7828790545463562,39.06172839506173
01043.mp4,142,28.6,8.688339233398438,1.2768442630767822,0.7608591318130493,0.7623167634010315,0.0014575673267245293,62.02469135802468,63.85185185185185,1.827160493827165,0.7783458828926086,33.827160493827165
01043.mp4,143,28.8,6.988526821136475,0.19972404837608337,0.7919162511825562,0.8079329133033752,0.01601671800017357,66.91358024691358,70.0246913580247,3.1111111111111143,0.7761837840080261,29.58024691358025
01043.mp4,144,29.0,7.316990852355957,0.08902488648891449,0.8219364285469055,0.8388597965240479,0.01692338101565838,71.75308641975309,75.40740740740742,3.65432098765433,0.7744267582893372,27.209876543209877
01043.mp4,145,29.2,6.500270843505859,0.10576049983501434,0.8320778012275696,0.8342592716217041,0.0021814482752233744,71.9506172839506,72.8395061728395,0.8888888888888999,0.7727300524711609,25.432098765432098
01043.mp4,146,29.4,5.9749274253845215,0.06386716663837433,0.8633546829223633,0.8708697557449341,0.007515118923038244,76.98765432098766,77.92592592592592,0.9382716049382651,0.7702664732933044,22.37037037037037
01043.mp4,147,29.6,5.185806751251221,0.0646340474486351,0.8675922155380249,0.8659202456474304,-0.001671987702138722,77.53086419753087,77.13580246913581,-0.3950617283950635,0.7718543410301208,22.271604938271604
01043.mp4,148,29.8,4.738604545593262,0.04297900199890137,0.8734533190727234,0.8793293237686157,0.005876016803085804,77.9753086419753,79.01234567901234,1.037037037037038,0.770587682723999,20.74074074074074
01043.mp4,149,30.0,3.3566768169403076,0.04576494172215462,0.8902038931846619,0.8957431316375732,0.005539290606975555,81.48148148148148,82.66666666666667,1.1851851851851904,0.7691149711608887,15.11111111111111
01043.mp4,150,30.2,4.0502543449401855,0.04497847333550453,0.8769730925559998,0.8824585676193237,0.0054854764603078365,80.0,81.1358024691358,1.1358024691357969,0.7696413993835449,17.037037037037038
01043.mp4,151,30.4,3.662580966949463,0.04444172978401184,0.8874773383140564,0.8899372816085815,0.0024599668104201555,79.55555555555556,80.74074074074075,1.1851851851851904,0.7693395614624023,15.604938271604937
01043.mp4,152,30.6,2.9906649589538574,0.03951532766222954,0.8855114579200745,0.893103301525116,0.007591922767460346,80.04938271604938,81.62962962962963,1.580246913580254,0.769209086894989,12.987654320987655
01043.mp4,153,30.8,3.4135749340057373,0.04929172620177269,0.8849154710769653,0.891609787940979,0.006694278679788113,79.45679012345678,80.88888888888889,1.4320987654321016,0.7696183919906616,15.753086419753087
01043.mp4,154,31.0,3.7081732749938965,0.05683669075369835,0.8798970580101013,0.8887590169906616,0.008862106129527092,79.4074074074074,81.82716049382715,2.419753086419746,0.7698202133178711,17.28395061728395
01043.mp4,155,31.2,3.7548186779022217,0.04893086478114128,0.8702760934829712,0.8783101439476013,0.008034062571823597,78.12345679012346,79.01234567901234,0.8888888888888857,0.7694205641746521,16.296296296296298
01043.mp4,156,31.4,4.334432125091553,0.04673243314027786,0.868579626083374,0.8902043104171753,0.021624652668833733,76.98765432098766,80.5925925925926,3.6049382716049365,0.7712092399597168,20.938271604938272
01043.mp4,157,31.6,4.931669235229492,0.08997764438390732,0.8525440692901611,0.8676204085350037,0.015076297335326672,74.07407407407408,77.28395061728395,3.209876543209873,0.7723952531814575,21.777777777777775
01043.mp4,158,31.8,4.221103191375732,0.0910661444067955,0.8373397588729858,0.8475789427757263,0.01023921836167574,72.34567901234567,73.87654320987654,1.5308641975308745,0.7720687985420227,19.11111111111111
01043.mp4,159,32.0,3.7173376083374023,0.10987705737352371,0.8150465488433838,0.8241321444511414,0.009085554629564285,68.69135802469137,70.81481481481482,2.1234567901234556,0.7725297212600708,17.530864197530864
01043.mp4,160,32.2,4.001192092895508,0.13594473898410797,0.8116387128829956,0.8154908418655396,0.003852128516882658,68.5925925925926,70.0246913580247,1.4320987654321016,0.7742103338241577,20.34567901234568
01043.mp4,161,32.4,4.490478992462158,0.1574227511882782,0.8079372644424438,0.8153603672981262,0.007423077709972858,67.85185185185185,68.93827160493828,1.0864197530864317,0.7735031247138977,21.037037037037038
01043.mp4,162,32.6,4.540102005004883,0.05863240361213684,0.8302830457687378,0.8438194394111633,0.013536421582102776,72.0,74.71604938271605,2.716049382716051,0.7722299695014954,20.641975308641975
01043.mp4,163,32.8,3.92221736907959,0.054144106805324554,0.8319624066352844,0.8452900648117065,0.013327662833034992,72.54320987654322,74.27160493827161,1.728395061728392,0.7718069553375244,20.39506172839506
01043.mp4,164,33.0,3.404331922531128,0.046843599528074265,0.8400993943214417,0.8481416702270508,0.008042309433221817,73.38271604938271,75.06172839506173,1.679012345679027,0.7714996337890625,16.839506172839506
01043.mp4,165,33.2,3.7019271850585938,0.06268510222434998,0.8210960626602173,0.8292827606201172,0.008186744526028633,70.86419753086419,72.54320987654322,1.679012345679027,0.7709919214248657,18.074074074074073
01043.mp4,166,33.4,4.525331974029541,0.10944247990846634,0.7980515956878662,0.8095813989639282,0.011529820039868355,68.44444444444444,70.86419753086419,2.419753086419746,0.7709638476371765,18.469135802469136
01043.mp4,167,33.6,3.703198194503784,0.09946545213460922,0.8144790530204773,0.815879762172699,0.0014006950659677386,68.93827160493828,69.48148148148148,0.5432098765432016,0.7739701867103577,19.753086419753085
01043.mp4,168,33.8,4.4267072677612305,0.15861114859580994,0.8097113966941833,0.8189535140991211,0.009242179803550243,68.5925925925926,70.51851851851852,1.9259259259259238,0.7732461094856262,20.88888888888889
01043.mp4,169,34.0,3.996781349182129,0.12770402431488037,0.8224814534187317,0.8298597931861877,0.0073783621191978455,70.51851851851852,71.70370370370371,1.1851851851851904,0.7750476598739624,21.28395061728395
01043.mp4,170,34.2,5.474565029144287,0.06792410463094711,0.8621392846107483,0.8701760172843933,0.00803679320961237,76.69135802469135,78.81481481481481,2.1234567901234556,0.7703502178192139,22.617283950617285
01043.mp4,171,34.4,5.975852966308594,0.07798533886671066,0.867370069026947,0.8791546821594238,0.011784616857767105,77.4320987654321,80.39506172839506,2.962962962962962,0.7712478041648865,23.65432098765432
01043.mp4,172,34.6,5.611618518829346,0.09651346504688263,0.868084728717804,0.8785797953605652,0.010495019145309925,77.4320987654321,79.4074074074074,1.9753086419753032,0.7712045311927795,22.567901234567902
01043.mp4,173,34.8,5.981953144073486,0.10344355553388596,0.8752114772796631,0.8855926990509033,0.01038126926869154,78.2716049382716,80.64197530864197,2.370370370370381,0.7708491086959839,22.962962962962962
01043.mp4,174,35.0,4.812445163726807,0.08354860544204712,0.8728361129760742,0.8784394264221191,0.005603246856480837,77.58024691358024,79.20987654320987,1.6296296296296333,0.7712226510047913,21.48148148148148
01043.mp4,175,35.2,4.4184980392456055,0.09438776224851608,0.8576487898826599,0.8648713231086731,0.00722250621765852,75.20987654320987,76.69135802469135,1.481481481481481,0.7734179496765137,22.024691358024693
01043.mp4,176,35.4,5.403598785400391,0.06669045239686966,0.8721514344215393,0.8813931345939636,0.009241705760359764,77.4320987654321,80.04938271604938,2.617283950617278,0.7720365524291992,23.358024691358025
01043.mp4,177,35.6,5.8137407302856445,0.06169375404715538,0.868809700012207,0.8847687244415283,0.015959057956933975,76.88888888888889,80.5925925925926,3.7037037037037095,0.7716732621192932,24.19753086419753
01043.mp4,178,35.8,6.719297885894775,0.06797768175601959,0.8715687990188599,0.888403594493866,0.01683480478823185,77.72839506172839,80.98765432098766,3.2592592592592666,0.7705490589141846,24.592592592592595
01043.mp4,179,36.0,6.1478190422058105,0.05877770856022835,0.879424512386322,0.8852412700653076,0.005816766060888767,78.71604938271605,80.5925925925926,1.8765432098765444,0.7720129489898682,24.88888888888889
01043.mp4,180,36.2,4.033886432647705,0.05440444499254227,0.8771029710769653,0.8807104825973511,0.003607482649385929,79.25925925925927,79.35802469135803,0.09876543209875877,0.7721428871154785,19.308641975308642
01043.mp4,181,36.4,4.6515703201293945,0.08029180765151978,0.8802991509437561,0.8896664381027222,0.009367256425321102,78.8641975308642,80.5925925925926,1.728395061728392,0.7733041048049927,23.01234567901235
01043.mp4,182,36.6,6.761433124542236,0.10702051222324371,0.8655461668968201,0.8816109895706177,0.016064785420894623,77.53086419753087,80.24691358024691,2.7160493827160366,0.771979570388794,24.88888888888889
01043.mp4,183,36.8,5.525518894195557,0.13936324417591095,0.8475499749183655,0.8616514801979065,0.014101458713412285,74.07407407407408,77.92592592592592,3.8518518518518476,0.7737954258918762,26.172839506172842
01043.mp4,184,37.0,5.320515155792236,0.13635368645191193,0.8544517159461975,0.8602875471115112,0.005835784133523703,75.1111111111111,75.95061728395062,0.8395061728395206,0.7740043997764587,25.97530864197531
01043.mp4,185,37.2,5.469963073730469,0.23337583243846893,0.8423271775245667,0.8450843691825867,0.0027572433464229107,72.88888888888889,74.27160493827161,1.3827160493827222,0.7758721709251404,26.469135802469136
01043.mp4,186,37.4,5.065958023071289,0.3282804787158966,0.8444242477416992,0.8524743914604187,0.008050144650042057,71.80246913580247,73.38271604938271,1.5802469135802397,0.7751002907752991,24.0
01043.mp4,187,37.6,5.95214319229126,0.3173483908176422,0.8480184674263,0.8558003902435303,0.007781930733472109,72.0,74.46913580246914,2.4691358024691397,0.7749760150909424,26.469135802469136
01043.mp4,188,37.8,5.905069828033447,0.23270197212696075,0.8573919534683228,0.8607323169708252,0.003340232651680708,74.51851851851852,75.70370370370371,1.1851851851851904,0.7740956544876099,26.074074074074073
01043.mp4,189,38.0,6.255271911621094,0.281724214553833,0.8542371392250061,0.8630765080451965,0.008839333429932594,74.41975308641975,76.24691358024691,1.827160493827165,0.7768250107765198,29.925925925925927
01043.mp4,190,38.2,5.0961222648620605,0.4553220570087433,0.8438780307769775,0.8538841605186462,0.010006148368120193,72.14814814814815,74.22222222222223,2.074074074074076,0.7766786217689514,26.962962962962962
01043.mp4,191,38.4,6.804194450378418,0.4041413962841034,0.852977454662323,0.8573959469795227,0.004418437834829092,71.70370370370371,73.48148148148148,1.7777777777777715,0.7777056694030762,30.814814814814817
01043.mp4,192,38.6,5.221362113952637,0.40175604820251465,0.8487525582313538,0.860433042049408,0.011680453084409237,72.8395061728395,75.1604938271605,2.3209876543209873,0.775837779045105,26.024691358024693
01043.mp4,193,38.8,5.240960597991943,0.28146278858184814,0.827879786491394,0.8352930545806885,0.007413193583488464,70.32098765432099,72.19753086419753,1.8765432098765444,0.7777371406555176,27.50617283950617
01043.mp4,194,39.0,6.50202751159668,0.2639840543270111,0.8282042741775513,0.8470276594161987,0.018823346123099327,68.0,72.69135802469135,4.691358024691354,0.7744171023368835,27.45679012345679
01043.mp4,195,39.2,5.721340179443359,0.41058656573295593,0.8132694363594055,0.8284515142440796,0.015182056464254856,69.23456790123457,72.0,2.76543209876543,0.7749561667442322,25.185185185185183
01043.mp4,196,39.4,8.576889991760254,0.6249113082885742,0.8037685751914978,0.8252053260803223,0.021436702460050583,66.22222222222223,70.12345679012346,3.901234567901227,0.7789020538330078,33.48148148148148
01043.mp4,197,39.6,7.12347412109375,1.033690094947815,0.7969756722450256,0.8148247003555298,0.017849067226052284,66.12345679012346,68.49382716049382,2.3703703703703667,0.7798375487327576,31.25925925925926
01043.mp4,198,39.8,5.945035457611084,0.6271863579750061,0.7968677282333374,0.8090494275093079,0.012181720696389675,64.98765432098766,67.4074074074074,2.419753086419746,0.7760133147239685,26.172839506172842
01043.mp4,199,40.0,4.571796894073486,0.42642053961753845,0.7986885905265808,0.8035208582878113,0.004832281731069088,65.58024691358024,66.51851851851852,0.9382716049382793,0.7763702869415283,21.333333333333336
01043.mp4,200,40.2,3.826079845428467,0.2291584312915802,0.800794780254364,0.808071494102478,0.007276612333953381,65.33333333333333,66.91358024691358,1.580246913580254,0.7769306898117065,21.87654320987654
